geo,year,gas_proved_reserves
algeria,1980,3.58146238
algeria,1981,3.54007506
algeria,1982,3.4775126
algeria,1983,3.39858747
algeria,1984,3.3129251
algeria,1985,3.22341251
algeria,1986,3.13678741
algeria,1987,3.04438758
algeria,1988,3.11272502
algeria,1989,3.12812495
algeria,1990,3.17624998
algeria,1991,3.49002504
algeria,1992,3.51312494
algeria,1993,3.56124997
algeria,1994,2.85188746
algeria,1995,3.55162501
algeria,1996,3.56124997
algeria,1997,3.92411256
algeria,1998,3.92411256
algeria,1999,4.35050011
algeria,2000,4.35338736
algeria,2001,4.35338736
algeria,2002,4.35338736
algeria,2003,4.37456226
algeria,2004,4.37456226
algeria,2005,4.33529234
algeria,2006,4.33529234
algeria,2007,4.33510017
algeria,2008,4.33510017
algeria,2009,4.33510017
algeria,2010,4.33510017
algeria,2011,4.33510017
algeria,2012,4.33501148
algeria,2013,4.33501148
algeria,2014,4.33510017
algeria,2015,4.33510017
algeria,2016,4.33510017
algeria,2017,4.33510017
argentina,1980,0.6233725
argentina,1981,0.63018
argentina,1982,0.67297
argentina,1983,0.66032749
argentina,1984,0.64963001
argentina,1985,0.66227251
argentina,1986,0.65254748
argentina,1987,0.67394251
argentina,1988,0.75174248
argentina,1989,0.65254748
argentina,1990,0.64184999
argentina,1991,0.62531751
argentina,1992,0.52612251
argentina,1993,0.50278252
argentina,1994,0.52028751
argentina,1995,0.60197753
argentina,1996,0.624345
argentina,1997,0.66518998
argentina,1998,0.66810751
argentina,1999,0.70895249
argentina,2000,0.75660503
argentina,2001,0.74299002
argentina,2002,0.64573997
argentina,2003,0.59517002
argentina,2004,0.52709502
argentina,2005,0.42692751
argentina,2006,0.43373501
argentina,2007,0.4298197
argentina,2008,0.38756946
argentina,2009,0.36826533
argentina,2010,0.34884733
argentina,2011,0.32336619
argentina,2012,0.30683124
argentina,2013,0.31923255
argentina,2014,0.32308146
argentina,2015,0.34084579
argentina,2016,0.32741025
argentina,2017,0.32741025
australia,1980,0.14133599
australia,1981,0.35638201
australia,1982,0.49998
australia,1983,0.49061999
australia,1984,0.53741997
australia,1985,0.55302
australia,1986,0.70355999
australia,1987,0.83381999
australia,1988,0.80574
australia,1989,0.74489999
australia,1990,0.72306001
australia,1991,0.741
australia,1992,0.78468001
australia,1993,0.77376002
australia,1994,1.00776005
australia,1995,0.98592001
australia,1996,1.06079996
australia,1997,1.16532004
australia,1998,1.55141997
australia,1999,1.55141997
australia,2000,1.71834004
australia,2001,2.08026004
australia,2002,1.97184002
australia,2003,1.85766435
australia,2004,1.81164443
australia,2005,1.83582437
australia,2006,1.85198367
australia,2007,1.78828382
australia,2008,2.74326396
australia,2009,2.753443
australia,2010,2.85966492
australia,2011,3.63352489
australia,2012,3.63352489
australia,2013,3.63352489
australia,2014,3.63352489
australia,2015,3.63352489
australia,2016,3.63352489
australia,2017,3.63352489
azerbaijan,1997,0.655689
azerbaijan,1998,0.655689
azerbaijan,1999,0.99019969
azerbaijan,2000,0.99019969
azerbaijan,2001,0.99019969
azerbaijan,2002,0.99019969
azerbaijan,2003,0.99019969
azerbaijan,2004,0.99019969
azerbaijan,2005,0.99019969
azerbaijan,2006,0.99019969
azerbaijan,2007,0.99796593
azerbaijan,2008,1.05543637
azerbaijan,2009,1.01738167
azerbaijan,2010,1.02092302
azerbaijan,2011,1.02092302
azerbaijan,2012,1.02092302
azerbaijan,2013,1.00815558
azerbaijan,2014,1.33921838
azerbaijan,2015,1.31874478
azerbaijan,2016,1.31874478
azerbaijan,2017,1.31874478
bahrain,1980,0.22135
bahrain,1981,0.21375
bahrain,1982,0.21089999
bahrain,1983,0.2071
bahrain,1984,0.2033
bahrain,1985,0.19855
bahrain,1986,0.1938
bahrain,1987,0.1881
bahrain,1988,0.1805
bahrain,1989,0.17385
bahrain,1990,0.16814999
bahrain,1991,0.16435
bahrain,1992,0.15865
bahrain,1993,0.15105
bahrain,1994,0.14534999
bahrain,1995,0.13965
bahrain,1996,0.1349
bahrain,1997,0.1349
bahrain,1998,0.1349
bahrain,1999,0.1121
bahrain,2000,0.1045
bahrain,2001,0.1045
bahrain,2002,0.1045
bahrain,2003,0.0874
bahrain,2004,0.0855
bahrain,2005,0.0855
bahrain,2006,0.0855
bahrain,2007,0.08075
bahrain,2008,0.0855
bahrain,2009,0.22005025
bahrain,2010,0.20799859
bahrain,2011,0.20799859
bahrain,2012,0.18935619
bahrain,2013,0.18098891
bahrain,2014,0.17220084
bahrain,2015,0.16346133
bahrain,2016,0.15488365
bahrain,2017,0.15488365
bangladesh,1980,0.27527499
bangladesh,1981,0.30511251
bangladesh,1982,0.32628751
bangladesh,1983,0.29933751
bangladesh,1984,0.33976251
bangladesh,1985,0.33976251
bangladesh,1986,0.340725
bangladesh,1987,0.340725
bangladesh,1988,0.33687499
bangladesh,1989,0.6978125
bangladesh,1990,0.6978125
bangladesh,1991,0.69300002
bangladesh,1992,0.29163751
bangladesh,1993,0.28586251
bangladesh,1994,0.28971249
bangladesh,1995,0.26179999
bangladesh,1996,0.28874999
bangladesh,1997,0.28586251
bangladesh,1998,0.28586251
bangladesh,1999,0.31088749
bangladesh,2000,0.294525
bangladesh,2001,0.32725
bangladesh,2002,0.32725
bangladesh,2003,0.4167625
bangladesh,2004,0.40617499
bangladesh,2005,0.39173749
bangladesh,2006,0.3686375
bangladesh,2007,0.35997501
bangladesh,2008,0.33109999
bangladesh,2009,0.35034999
bangladesh,2010,0.340725
bangladesh,2011,0.3359125
bangladesh,2012,0.26537591
bangladesh,2013,0.24371529
bangladesh,2014,0.2234474
bangladesh,2015,0.19767565
bangladesh,2016,0.17789072
bangladesh,2017,0.17789072
bolivia,1980,0.11773
bolivia,1981,0.14861
bolivia,1982,0.14089
bolivia,1983,0.12931
bolivia,1984,0.120625
bolivia,1985,0.124485
bolivia,1986,0.13220499
bolivia,1987,0.13703001
bolivia,1988,0.141855
bolivia,1989,0.11194
bolivia,1990,0.109045
bolivia,1991,0.11194
bolivia,1992,0.1158
bolivia,1993,0.11387
bolivia,1994,0.10422
bolivia,1995,0.122555
bolivia,1996,0.10422
bolivia,1997,0.11387
bolivia,1998,0.14475
bolivia,1999,0.49987
bolivia,2000,0.651375
bolivia,2001,0.74787498
bolivia,2002,0.784545
bolivia,2003,0.75463003
bolivia,2004,0.73050499
bolivia,2005,0.72959781
bolivia,2006,0.7141
bolivia,2007,0.68515003
bolivia,2008,0.68515003
bolivia,2009,0.27161807
bolivia,2010,0.27116501
bolivia,2011,0.27116501
bolivia,2012,0.30604851
bolivia,2013,0.28692049
bolivia,2014,0.27052504
bolivia,2015,0.27052504
bolivia,2016,0.27052504
bolivia,2017,0.27052504
brazil,1980,0.05464298
brazil,1981,0.06185997
brazil,1982,0.07423197
brazil,1983,0.08454196
brazil,1984,0.08660395
brazil,1985,0.09588295
brazil,1986,0.09897595
brazil,1987,0.10825495
brazil,1988,0.11237895
brazil,1989,0.11959594
brazil,1990,0.11856494
brazil,1991,0.12784393
brazil,1992,0.13712293
brazil,1993,0.14124693
brazil,1994,0.15052593
brazil,1995,0.15877393
brazil,1996,0.16289791
brazil,1997,0.23506789
brazil,1998,0.23300588
brazil,1999,0.23816088
brazil,2000,0.22785088
brazil,2001,0.22665493
brazil,2002,0.25212783
brazil,2003,0.25294542
brazil,2004,0.33619243
brazil,2005,0.31589308
brazil,2006,0.35868782
brazil,2007,0.37630451
brazil,2008,0.37552685
brazil,2009,0.37847447
brazil,2010,0.43611589
brazil,2011,0.47364458
brazil,2012,0.47342202
brazil,2013,0.47236553
brazil,2014,0.48569822
brazil,2015,0.44328615
brazil,2016,0.38910568
brazil,2017,0.38088408
brunei,1980,0.20182499
brunei,1981,0.2067
brunei,1982,0.21547499
brunei,1983,0.21255
brunei,1984,0.23205
brunei,1985,0.23205
brunei,1986,0.33149999
brunei,1987,0.322725
brunei,1988,0.31395
brunei,1989,0.309075
brunei,1990,0.322725
brunei,1991,0.38609999
brunei,1992,0.38999999
brunei,1993,0.38999999
brunei,1994,0.38999999
brunei,1995,0.38999999
brunei,1996,0.38999999
brunei,1997,0.38122499
brunei,1998,0.37244999
brunei,1999,0.36465001
brunei,2000,0.35685
brunei,2001,0.34709999
brunei,2002,0.34125
brunei,2003,0.336375
brunei,2004,0.334425
brunei,2005,0.33149999
brunei,2006,0.322725
brunei,2007,0.334425
brunei,2008,0.31297499
brunei,2009,0.30127501
brunei,2010,0.29370663
brunei,2011,0.28080001
brunei,2012,0.28080001
brunei,2013,0.26910001
brunei,2014,0.26910001
brunei,2015,0.26910001
brunei,2016,0.26910001
brunei,2017,0.26910001
canada,1980,2.37363005
canada,1981,2.44125748
canada,1982,2.46792746
canada,1983,2.48888254
canada,1984,2.6755724
canada,1985,2.6517601
canada,1986,2.61556506
canada,1987,2.56508255
canada,1988,2.54412746
canada,1989,2.60223007
canada,1990,2.59556246
canada,1991,2.58222747
canada,1992,2.54507995
canada,1993,2.1259799
canada,1994,1.807845
canada,1995,1.83737254
canada,1996,1.84975505
canada,1997,1.72307253
canada,1998,1.66497004
canada,1999,1.63734746
canada,2000,1.6030575
canada,2001,1.61353505
canada,2002,1.58495998
canada,2003,1.5268575
canada,2004,1.52400005
canada,2005,1.55501342
canada,2006,1.56182563
canada,2007,1.55621731
canada,2008,1.67090786
canada,2009,1.64539611
canada,2010,1.88307095
canada,2011,1.82929337
canada,2012,1.9044801
canada,2013,1.93138707
canada,2014,1.89285433
canada,2015,2.06814456
canada,2016,1.99562824
canada,2017,1.88281119
china,1980,0.70832843
china,1981,0.7049017
china,1982,0.8658579
china,1983,0.87996805
china,1984,0.89679939
china,1985,0.8788594
china,1986,0.8718043
china,1987,0.90103245
china,1988,0.92935348
china,1989,1.03084564
china,1990,1.00685835
china,1991,1.00968039
china,1992,1.40990412
china,1993,1.68384218
china,1994,1.68283427
china,1995,1.68283427
china,1996,1.17960668
china,1997,1.16942728
china,1998,1.37765241
china,1999,1.37765241
china,2000,1.37765241
china,2001,1.37845874
china,2002,1.27796555
china,2003,1.34662545
china,2004,1.45954883
china,2005,1.54664218
china,2006,1.6967485
china,2007,2.27283931
china,2008,2.71060085
china,2009,2.86821198
china,2010,2.74709368
china,2011,2.92899752
china,2012,3.1398623
china,2013,3.37451673
china,2014,3.57643795
china,2015,4.67940235
china,2016,5.47931147
china,2017,5.47931147
colombia,1980,0.117425
colombia,1981,0.117425
colombia,1982,0.1155
colombia,1983,0.1087625
colombia,1984,0.1049125
colombia,1985,0.1029875
colombia,1986,0.1087625
colombia,1987,0.0933625
colombia,1988,0.1222375
colombia,1989,0.1049125
colombia,1990,0.0972125
colombia,1991,0.0952875
colombia,1992,0.1780625
colombia,1993,0.20308749
colombia,1994,0.205975
colombia,1995,0.2088625
colombia,1996,0.2088625
colombia,1997,0.18865
colombia,1998,0.18865
colombia,1999,0.18095
colombia,2000,0.1241625
colombia,2001,0.1232
colombia,2002,0.1155
colombia,2003,0.109725
colombia,2004,0.1145375
colombia,2005,0.1087625
colombia,2006,0.1183875
colombia,2007,0.12027086
colombia,2008,0.11948578
colombia,2009,0.12910679
colombia,2010,0.1473131
colombia,2011,0.14889389
colombia,2012,0.1560892
colombia,2013,0.15012036
colombia,2014,0.1297064
colombia,2015,0.11885892
colombia,2016,0.10966511
colombia,2017,0.10966511
denmark,1980,0.085485
denmark,1981,0.085485
denmark,1982,0.085485
denmark,1983,0.102165
denmark,1984,0.1073775
denmark,1985,0.0948675
denmark,1986,0.0740175
denmark,1987,0.072975
denmark,1988,0.0823575
denmark,1989,0.11259
denmark,1990,0.1032075
denmark,1991,0.1052925
denmark,1992,0.1344825
denmark,1993,0.131355
denmark,1994,0.12927
denmark,1995,0.1251
denmark,1996,0.118845
denmark,1997,0.1157175
denmark,1998,0.10842
denmark,1999,0.148035
denmark,2000,0.15012001
denmark,2001,0.1469925
denmark,2002,0.13607767
denmark,2003,0.14303198
denmark,2004,0.13823427
denmark,2005,0.12744072
denmark,2006,0.12494075
denmark,2007,0.07193178
denmark,2008,0.05717761
denmark,2009,0.06650025
denmark,2010,0.05403145
denmark,2011,0.04473647
denmark,2012,0.03957258
denmark,2013,0.03798559
denmark,2014,0.03643368
denmark,2015,0.01774247
denmark,2016,0.01356674
denmark,2017,0.01357462
egypt,1980,0.08085
egypt,1981,0.0798875
egypt,1982,0.1953875
egypt,1983,0.1925
egypt,1984,0.2261875
egypt,1985,0.2454375
egypt,1986,0.27912501
egypt,1987,0.29548749
egypt,1988,0.31666249
egypt,1989,0.33783749
egypt,1990,0.36478749
egypt,1991,0.38115001
egypt,1992,0.41964999
egypt,1993,0.57268751
egypt,1994,0.60733747
egypt,1995,0.62081248
egypt,1996,0.81716251
egypt,1997,0.89223748
egypt,1998,0.98175001
egypt,1999,1.17713749
egypt,2000,1.37926245
egypt,2001,1.49861252
egypt,2002,1.59486246
egypt,2003,1.66012001
egypt,2004,1.79987502
egypt,2005,1.82393754
egypt,2006,1.97023749
egypt,2007,1.99237502
egypt,2008,2.06937504
egypt,2009,2.10787511
egypt,2010,2.12712502
egypt,2011,2.10787511
egypt,2012,1.96350002
egypt,2013,1.77702391
egypt,2014,1.77702391
egypt,2015,1.77702391
egypt,2016,1.77702391
egypt,2017,1.77702391
germany,1980,0.23299542
germany,1981,0.21804854
germany,1982,0.21189395
germany,1983,0.28135297
germany,1984,0.26904377
germany,1985,0.26025149
germany,1986,0.33586511
germany,1987,0.33058974
germany,1988,0.31915978
germany,1989,0.30860904
germany,1990,0.19079247
germany,1991,0.17144945
germany,1992,0.17408714
germany,1993,0.17408714
germany,1994,0.19518861
germany,1995,0.21116683
germany,1996,0.21542668
germany,1997,0.20129661
germany,1998,0.2006029
germany,1999,0.23741618
germany,2000,0.23205289
germany,2001,0.22376353
germany,2002,0.21136642
germany,2003,0.19070455
germany,2004,0.17690067
germany,2005,0.16432771
germany,2006,0.14322624
germany,2007,0.13038951
germany,2008,0.11095858
germany,2009,0.08642811
germany,2010,0.07666868
germany,2011,0.06989863
germany,2012,0.06242519
germany,2013,0.05495175
germany,2014,0.04501648
germany,2015,0.04079618
germany,2016,0.0370155
germany,2017,0.0324237
india,1980,0.33013749
india,1981,0.3955875
india,1982,0.40425
india,1983,0.444675
india,1984,0.46007499
india,1985,0.46200001
india,1986,0.52071249
india,1987,0.53130001
india,1988,0.57749999
india,1989,0.66027498
india,1990,0.67374998
india,1991,0.70262498
india,1992,0.70743752
india,1993,0.69107503
india,1994,0.67567497
india,1995,0.65075588
india,1996,0.61726087
india,1997,0.66630024
india,1998,0.6494565
india,1999,0.62366152
india,2000,0.7313171
india,2001,0.73433936
india,2002,0.72255838
india,2003,0.82197499
india,2004,0.8883875
india,2005,1.05971253
india,2006,1.03468752
india,2007,1.01543748
india,2008,1.04912496
india,2009,1.07343769
india,2010,1.10549867
india,2011,1.2301327
india,2012,1.28035605
india,2013,1.30395651
india,2014,1.37363088
india,2015,1.20494413
india,2016,1.18137252
india,2017,1.24144208
indonesia,1980,0.83433002
indonesia,1981,0.87662506
indonesia,1982,0.97439998
indonesia,1983,1.20713949
indonesia,1984,1.72450531
indonesia,1985,2.01193309
indonesia,1986,2.29897499
indonesia,1987,2.40250492
indonesia,1988,2.59900904
indonesia,1989,2.59099054
indonesia,1990,2.90655398
indonesia,1991,1.86759996
indonesia,1992,1.84730005
indonesia,1993,1.84730005
indonesia,1994,1.84730005
indonesia,1995,1.97924995
indonesia,1996,2.08074999
indonesia,1997,2.18427992
indonesia,1998,2.21371508
indonesia,1999,2.65930009
indonesia,2000,2.72222996
indonesia,2001,2.64204502
indonesia,2002,2.59535503
indonesia,2003,2.59535503
indonesia,2004,2.81053495
indonesia,2005,2.5151701
indonesia,2006,2.67147994
indonesia,2007,3.04689741
indonesia,2008,3.23256803
indonesia,2009,3.11558986
indonesia,2010,3.00953317
indonesia,2011,3.00953317
indonesia,2012,2.97044468
indonesia,2013,2.91842246
indonesia,2014,2.88163304
indonesia,2015,2.81638956
indonesia,2016,2.90922499
indonesia,2017,2.91439843
iran,1980,13.88948536
iran,1981,13.87372494
iran,1982,13.85796547
iran,1983,13.83432484
iran,1984,13.80576038
iran,1985,13.77620983
iran,1986,13.74567509
iran,1987,13.71317005
iran,1988,13.98700047
iran,1989,16.74500084
iran,1990,16.74795532
iran,1991,19.50300026
iran,1992,20.38949966
iran,1993,20.38949966
iran,1994,20.45253944
iran,1995,19.0597496
iran,1996,22.65500069
iran,1997,22.65500069
iran,1998,23.7385006
iran,1999,24.625
iran,2000,25.61000061
iran,2001,25.70849991
iran,2002,26.28964996
iran,2003,27.15645027
iran,2004,27.08749962
iran,2005,27.16629982
iran,2006,26.44725037
iran,2007,27.70804977
iran,2008,29.16584969
iran,2009,29.16584969
iran,2010,32.59365082
iran,2011,33.11569977
iran,2012,33.27330017
iran,2013,33.50970078
iran,2014,33.50970078
iran,2015,32.99750137
iran,2016,33.21543121
iran,2017,33.21543121
iraq,1980,0.73852998
iraq,1981,0.73449248
iraq,1982,0.77484852
iraq,1983,0.78013998
iraq,1984,0.77710003
iraq,1985,0.78013998
iraq,1986,0.78013051
iraq,1987,0.94999999
iraq,1988,2.55550003
iraq,1989,2.95924997
iraq,1990,2.9516499
iraq,1991,2.94499993
iraq,1992,2.94499993
iraq,1993,2.94499993
iraq,1994,2.95924997
iraq,1995,3.19199991
iraq,1996,3.19199991
iraq,1997,3.02859998
iraq,1998,3.02859998
iraq,1999,3.12074995
iraq,2000,2.9535501
iraq,2001,2.9535501
iraq,2002,3.03049994
iraq,2003,3.01149988
iraq,2004,3.01149988
iraq,2005,3.01149988
iraq,2006,3.01149988
iraq,2007,3.01149988
iraq,2008,3.01149988
iraq,2009,3.01149988
iraq,2010,3.01291275
iraq,2011,3.40835762
iraq,2012,3.40835762
iraq,2013,3.40835786
iraq,2014,3.50929999
iraq,2015,3.50929999
iraq,2016,3.50929999
iraq,2017,3.50929999
israel,1980,0.00288
israel,1981,0.00192
israel,1982,0.00096
israel,1983,0.00096
israel,1984,0.00096
israel,1985,0.00096
israel,1986,0.00096
israel,1987,0.00096
israel,1988,0.00096
israel,1989,0.00096
israel,1990,0.00096
israel,1991,0.00096
israel,1992,0.00096
israel,1993,0.00096
israel,1994,0.00096
israel,1995,0.00096
israel,1996,0.00096
israel,1997,0.00096
israel,1998,0.00096
israel,1999,0.00192
israel,2000,0.0432
israel,2001,0.0432
israel,2002,0.0432
israel,2003,0.04512
israel,2004,0.04512
israel,2005,0.0432
israel,2006,0.0432
israel,2007,0.04224
israel,2008,0.04224
israel,2009,0.0864
israel,2010,0.19392
israel,2011,0.19392
israel,2012,0.19392
israel,2013,0.18719327
israel,2014,0.18243603
israel,2015,0.17397873
israel,2016,0.16594894
israel,2017,0.45569044
italy,1980,0.15351599
italy,1981,0.17174603
italy,1982,0.1727055
italy,1983,0.22643609
italy,1984,0.23986875
italy,1985,0.2494635
italy,1986,0.25426087
italy,1987,0.28784251
italy,1988,0.31374833
italy,1989,0.31566727
italy,1990,0.30895096
italy,1991,0.3530868
italy,1992,0.28880197
italy,1993,0.28016669
italy,1994,0.28592354
italy,1995,0.28496408
italy,1996,0.26673406
italy,1997,0.26289615
italy,1998,0.25426087
italy,1999,0.1995708
italy,2000,0.19093552
italy,2001,0.17558393
italy,2002,0.1650297
italy,2003,0.12952912
italy,2004,0.11958225
italy,2005,0.11191028
italy,2006,0.0903317
italy,2007,0.08040497
italy,2008,0.06701741
italy,2009,0.06099766
italy,2010,0.06334166
italy,2011,0.05981463
italy,2012,0.0570168
italy,2013,0.05392537
italy,2014,0.05153628
italy,2015,0.04713133
italy,2016,0.03656943
italy,2017,0.04287318
kazakhstan,1997,1.45794415
kazakhstan,1998,1.45794415
kazakhstan,1999,1.42983508
kazakhstan,2000,1.42983508
kazakhstan,2001,1.42983508
kazakhstan,2002,1.4764601
kazakhstan,2003,1.4764601
kazakhstan,2004,1.4764601
kazakhstan,2005,1.4764601
kazakhstan,2006,1.48423088
kazakhstan,2007,1.51531434
kazakhstan,2008,1.51531434
kazakhstan,2009,1.51531434
kazakhstan,2010,1.51332617
kazakhstan,2011,1.36883271
kazakhstan,2012,0.94747394
kazakhstan,2013,1.08164084
kazakhstan,2014,1.07555413
kazakhstan,2015,1.10598052
kazakhstan,2016,1.09319425
kazakhstan,2017,1.14393926
kuwait,1980,1.00129998
kuwait,1981,0.99370003
kuwait,1982,0.98799998
kuwait,1983,0.9842
kuwait,1984,0.98591
kuwait,1985,0.98467499
kuwait,1986,1.10864997
kuwait,1987,1.14475
kuwait,1988,1.30910003
kuwait,1989,1.33000004
kuwait,1990,1.44210005
kuwait,1991,1.43544996
kuwait,1992,1.42025006
kuwait,1993,1.4174
kuwait,1994,1.42431903
kuwait,1995,1.41929996
kuwait,1996,1.41454995
kuwait,1997,1.41550004
kuwait,1998,1.40789998
kuwait,1999,1.40789998
kuwait,2000,1.47915006
kuwait,2001,1.47915006
kuwait,2002,1.47915006
kuwait,2003,1.49339998
kuwait,2004,1.49339998
kuwait,2005,1.49339998
kuwait,2006,1.69099998
kuwait,2007,1.69480002
kuwait,2008,1.69480002
kuwait,2009,1.69480002
kuwait,2010,1.69480002
kuwait,2011,1.69480002
kuwait,2012,1.69480002
kuwait,2013,1.69480002
kuwait,2014,1.69480002
kuwait,2015,1.69480002
kuwait,2016,1.69480002
kuwait,2017,1.69480002
libya,1980,0.65074998
libya,1981,0.63174999
libya,1982,0.62035
libya,1983,0.60799998
libya,1984,0.5966
libya,1985,0.59469998
libya,1986,0.69160002
libya,1987,0.69064999
libya,1988,0.78565001
libya,1989,1.15709996
libya,1990,1.14760005
libya,1991,1.24354994
libya,1992,1.23405004
libya,1993,1.22455001
libya,1994,1.24450004
libya,1995,1.24734998
libya,1996,1.24545002
libya,1997,1.24829996
libya,1998,1.24925005
libya,1999,1.24925005
libya,2000,1.24829996
libya,2001,1.24829996
libya,2002,1.42785001
libya,2003,1.41645002
libya,2004,1.41645002
libya,2005,1.25020003
libya,2006,1.34899998
libya,2007,1.46300006
libya,2008,1.46300006
libya,2009,1.47154999
libya,2010,1.42025006
libya,2011,1.46965003
libya,2012,1.47154999
libya,2013,1.43069994
libya,2014,1.42965496
libya,2015,1.42965448
libya,2016,1.42965448
libya,2017,1.42965448
malaysia,1980,1.13571453
malaysia,1981,1.17932248
malaysia,1982,1.31178164
malaysia,1983,1.3630209
malaysia,1984,1.3245914
malaysia,1985,1.42543483
malaysia,1986,1.44342315
malaysia,1987,1.42080152
malaysia,1988,1.40581131
malaysia,1989,1.39463675
malaysia,1990,1.55162537
malaysia,1991,1.60940588
malaysia,1992,1.8478868
malaysia,1993,2.09318161
malaysia,1994,2.199476
malaysia,1995,2.30849576
malaysia,1996,2.18584847
malaysia,1997,2.17494655
malaysia,1998,2.3711822
malaysia,1999,2.33847618
malaysia,2000,2.24853492
malaysia,2001,2.24853492
malaysia,2002,2.37935877
malaysia,2003,2.42569208
malaysia,2004,2.37172723
malaysia,2005,2.32185078
malaysia,2006,2.39707446
malaysia,2007,2.42364812
malaysia,2008,2.39870977
malaysia,2009,2.39756513
malaysia,2010,2.41443586
malaysia,2011,2.45262003
malaysia,2012,2.51078224
malaysia,2013,2.67970848
malaysia,2014,2.74353957
malaysia,2015,2.73675323
malaysia,2016,2.73675323
malaysia,2017,2.73675323
mexico,1980,1.80873001
mexico,1981,2.11265993
mexico,1982,2.11265993
mexico,1983,2.15918994
mexico,1984,2.15028
mexico,1985,2.14532995
mexico,1986,2.12454009
mexico,1987,2.09781003
mexico,1988,2.05721998
mexico,1989,2.0394001
mexico,1990,2.00475001
mexico,1991,1.98890996
mexico,1992,1.96317005
mexico,1993,1.95326996
mexico,1994,1.91762996
mexico,1995,1.89683998
mexico,1996,1.79190004
mexico,1997,1.77902997
mexico,1998,0.84249002
mexico,1999,0.85238999
mexico,2000,0.82665002
mexico,2001,0.78903002
mexico,2002,0.41975999
mexico,2003,0.41679001
mexico,2004,0.41481
mexico,2005,0.40391999
mexico,2006,0.38408276
mexico,2007,0.36927
mexico,2008,0.35541001
mexico,2009,0.33545384
mexico,2010,0.35025841
mexico,2011,0.35696688
mexico,2012,0.35639501
mexico,2013,0.34404615
mexico,2014,0.32091278
mexico,2015,0.24136439
mexico,2016,0.19579284
mexico,2017,0.19579284
myanmar,1980,0.0913725
myanmar,1981,0.143445
myanmar,1982,0.143445
myanmar,1983,0.24071249
myanmar,1984,0.25545001
myanmar,1985,0.26330999
myanmar,1986,0.26330999
myanmar,1987,0.26330999
myanmar,1988,0.26232749
myanmar,1989,0.261345
myanmar,1990,0.26036251
myanmar,1991,0.27313501
myanmar,1992,0.27313501
myanmar,1993,0.26330999
myanmar,1994,0.26330999
myanmar,1995,0.26330999
myanmar,1996,0.27706501
myanmar,1997,0.2780475
myanmar,1998,0.28001249
myanmar,1999,0.2819775
myanmar,2000,0.2819775
myanmar,2001,0.3389625
myanmar,2002,0.4372125
myanmar,2003,0.3979125
myanmar,2004,0.47651249
myanmar,2005,0.52858502
myanmar,2006,0.52858502
myanmar,2007,0.48575997
myanmar,2008,0.33925301
myanmar,2009,0.32690033
myanmar,2010,0.2172319
myanmar,2011,0.2172319
myanmar,2012,0.27821305
myanmar,2013,0.5183109
myanmar,2014,0.51914555
myanmar,2015,0.51914555
myanmar,2016,1.16807747
myanmar,2017,1.16807747
netherlands,1980,1.98961389
netherlands,1981,1.92155516
netherlands,1982,1.87117398
netherlands,1983,1.83847046
netherlands,1984,1.7986958
netherlands,1985,1.76245677
netherlands,1986,1.72798538
netherlands,1987,1.68821084
netherlands,1988,1.65904272
netherlands,1989,1.64843619
netherlands,1990,1.86763847
netherlands,1991,1.84377372
netherlands,1992,1.82167673
netherlands,1993,1.77659881
netherlands,1994,1.76510835
netherlands,1995,1.72533381
netherlands,1996,1.70588839
netherlands,1997,1.72091436
netherlands,1998,1.67318487
netherlands,1999,1.62280369
netherlands,2000,1.57065475
netherlands,2001,1.53618348
netherlands,2002,1.49287331
netherlands,2003,1.42746615
netherlands,2004,1.38945937
netherlands,2005,1.33465874
netherlands,2006,1.27190328
netherlands,2007,1.22859323
netherlands,2008,1.18881857
netherlands,2009,1.22859323
netherlands,2010,1.15257955
netherlands,2011,1.08717239
netherlands,2012,0.84410542
netherlands,2013,0.79284036
netherlands,2014,0.70622009
netherlands,2015,0.72920102
netherlands,2016,0.65407121
netherlands,2017,0.65407121
nigeria,1980,1.10308301
nigeria,1981,1.08963096
nigeria,1982,1.31575954
nigeria,1983,1.30149996
nigeria,1984,1.28725004
nigeria,1985,1.273
nigeria,1986,2.27999997
nigeria,1987,2.28664994
nigeria,1988,2.35220003
nigeria,1989,2.69039989
nigeria,1990,2.69799995
nigeria,1991,3.23000002
nigeria,1992,3.53039002
nigeria,1993,3.49885011
nigeria,1994,3.27749991
nigeria,1995,3.30029988
nigeria,1996,3.30124998
nigeria,1997,3.30885005
nigeria,1998,3.33640003
nigeria,1999,3.33640003
nigeria,2000,3.90070009
nigeria,2001,4.40106487
nigeria,2002,4.74743509
nigeria,2003,4.80224991
nigeria,2004,4.96745491
nigeria,2005,4.89420986
nigeria,2006,4.94665003
nigeria,2007,5.02740002
nigeria,2008,5.02740002
nigeria,2009,5.02740002
nigeria,2010,4.91869164
nigeria,2011,4.91680813
nigeria,2012,4.86246109
nigeria,2013,4.85169935
nigeria,2014,5.05778837
nigeria,2015,5.02006388
nigeria,2016,5.20144415
nigeria,2017,5.20144415
norway,1980,0.38508999
norway,1981,0.36921
norway,1982,0.3424125
norway,1983,0.4039475
norway,1984,0.37715
norway,1985,0.54130948
norway,1986,0.449404
norway,1987,1.23754823
norway,1988,1.71901
norway,1989,1.71702504
norway,1990,1.6674993
norway,1991,1.26414728
norway,1992,1.37044406
norway,1993,1.34463894
norway,1994,1.33570647
norway,1995,1.34205854
norway,1996,1.46889997
norway,1997,1.16420245
norway,1998,1.16321003
norway,1999,1.23764753
norway,2000,1.2495575
norway,2001,2.17258239
norway,2002,2.10112262
norway,2003,2.44254255
norway,2004,2.36810493
norway,2005,2.3403151
norway,2006,2.28473496
norway,2007,2.29565239
norway,2008,2.19838738
norway,2009,2.03065491
norway,2010,2.026685
norway,2011,2.05447507
norway,2012,2.07432508
norway,2013,2.03363252
norway,2014,1.90758502
norway,2015,1.84297323
norway,2016,1.75017452
norway,2017,1.7161715
oman,1980,0.0763425
oman,1981,0.073515
oman,1982,0.0782275
oman,1983,0.1555125
oman,1984,0.20263749
oman,1985,0.205465
oman,1986,0.2158325
oman,1987,0.25635999
oman,1988,0.26672751
oman,1989,0.26295751
oman,1990,0.26390001
oman,1991,0.0876525
oman,1992,0.14137501
oman,1993,0.1885
oman,1994,0.24128
oman,1995,0.42695251
oman,1996,0.58152252
oman,1997,0.51083499
oman,1998,0.53534001
oman,1999,0.78227502
oman,2000,0.80960751
oman,2001,0.89160502
oman,2002,0.89160502
oman,2003,0.93307501
oman,2004,0.93778747
oman,2005,0.93778747
oman,2006,0.92365003
oman,2007,0.92365003
oman,2008,0.89537501
oman,2009,0.49880588
oman,2010,0.49026588
oman,2011,0.4851943
oman,2012,0.47559142
oman,2013,0.66481382
oman,2014,0.64853376
oman,2015,0.66446251
oman,2016,0.66446251
oman,2017,0.66446251
other_africa,1980,0.3302575
other_africa,1981,0.3328775
other_africa,1982,0.42138
other_africa,1983,0.531055
other_africa,1984,0.53961251
other_africa,1985,0.57637
other_africa,1986,0.703485
other_africa,1987,0.766945
other_africa,1988,0.7939975
other_africa,1989,0.80043749
other_africa,1990,0.80242249
other_africa,1991,0.75887999
other_africa,1992,0.7701075
other_africa,1993,0.72664
other_africa,1994,0.7557175
other_africa,1995,0.785905
other_africa,1996,0.8098225
other_africa,1997,0.79617
other_africa,1998,0.817795
other_africa,1999,0.84445251
other_africa,2000,1.05165
other_africa,2001,1.0697925
other_africa,2002,1.04092999
other_africa,2003,0.99782926
other_africa,2004,1.01709927
other_africa,2005,1.14808044
other_africa,2006,1.14541822
other_africa,2007,1.16146421
other_africa,2008,1.12538035
other_africa,2009,1.18194924
other_africa,2010,1.17872726
other_africa,2011,1.20096845
other_africa,2012,1.18960794
other_africa,2013,1.17746517
other_africa,2014,1.11462222
other_africa,2015,1.05873648
other_africa,2016,1.07231057
other_africa,2017,1.06974672
other_asia_pacific,1980,0.23511249
other_asia_pacific,1981,0.23798749
other_asia_pacific,1982,0.228415
other_asia_pacific,1983,0.22739751
other_asia_pacific,1984,0.22455751
other_asia_pacific,1985,0.2457075
other_asia_pacific,1986,0.2262875
other_asia_pacific,1987,0.220475
other_asia_pacific,1988,0.260005
other_asia_pacific,1989,0.250425
other_asia_pacific,1990,0.2800975
other_asia_pacific,1991,0.30599249
other_asia_pacific,1992,0.31165
other_asia_pacific,1993,0.3153925
other_asia_pacific,1994,0.3333075
other_asia_pacific,1995,0.38851
other_asia_pacific,1996,0.3827025
other_asia_pacific,1997,0.3944025
other_asia_pacific,1998,0.3914775
other_asia_pacific,1999,0.3251825
other_asia_pacific,2000,0.32323249
other_asia_pacific,2001,0.371968
other_asia_pacific,2002,0.371968
other_asia_pacific,2003,0.40926825
other_asia_pacific,2004,0.41101963
other_asia_pacific,2005,0.39907246
other_asia_pacific,2006,0.39855546
other_asia_pacific,2007,0.33385679
other_asia_pacific,2008,0.32220796
other_asia_pacific,2009,0.28966584
other_asia_pacific,2010,0.2799628
other_asia_pacific,2011,0.27581857
other_asia_pacific,2012,0.2647853
other_asia_pacific,2013,0.287064
other_asia_pacific,2014,0.2792336
other_asia_pacific,2015,0.27107794
other_asia_pacific,2016,0.27009949
other_asia_pacific,2017,0.26911883
other_cis,1980,0
other_cis,1981,0
other_cis,1982,0
other_cis,1983,0
other_cis,1984,0
other_cis,1985,0
other_cis,1986,0
other_cis,1987,0
other_cis,1988,0
other_cis,1989,0
other_cis,1990,0
other_cis,1991,0
other_cis,1992,0
other_cis,1993,0
other_cis,1994,0
other_cis,1995,0
other_cis,1996,0
other_cis,1997,0.04465267
other_cis,1998,0.04439863
other_cis,1999,0.04414056
other_cis,2000,0.04388108
other_cis,2001,0.04362341
other_cis,2002,0.04337533
other_cis,2003,0.04236615
other_cis,2004,0.04211857
other_cis,2005,0.04188845
other_cis,2006,0.04165833
other_cis,2007,0.0414282
other_cis,2008,0.04119808
other_cis,2009,0.04096795
other_cis,2010,0.04075306
other_cis,2011,0.04052909
other_cis,2012,0.03922703
other_cis,2013,0.03900406
other_cis,2014,0.03618144
other_cis,2015,0.03509846
other_cis,2016,0.03509846
other_cis,2017,0.03509846
other_europe,1980,0.3054875
other_europe,1981,0.31897501
other_europe,1982,0.32862
other_europe,1983,0.3487775
other_europe,1984,0.3513675
other_europe,1985,0.3447325
other_europe,1986,0.3392025
other_europe,1987,0.3329825
other_europe,1988,0.3290775
other_europe,1989,0.3320775
other_europe,1990,0.32990871
other_europe,1991,0.31755002
other_europe,1992,0.3178093
other_europe,1993,0.29035153
other_europe,1994,0.25130023
other_europe,1995,0.25485518
other_europe,1996,0.20976991
other_europe,1997,0.19422061
other_europe,1998,0.16804227
other_europe,1999,0.20243301
other_europe,2000,0.18163847
other_europe,2001,0.18260697
other_europe,2002,0.1706814
other_europe,2003,0.16467625
other_europe,2004,0.16522867
other_europe,2005,0.17078617
other_europe,2006,0.16722686
other_europe,2007,0.18050399
other_europe,2008,0.17115845
other_europe,2009,0.16377296
other_europe,2010,0.15991961
other_europe,2011,0.16857207
other_europe,2012,0.16872906
other_europe,2013,0.16230101
other_europe,2014,0.15606726
other_europe,2015,0.15089758
other_europe,2016,0.14586683
other_europe,2017,0.14548714
other_middle_east,1980,0
other_middle_east,1981,0
other_middle_east,1982,0
other_middle_east,1983,0
other_middle_east,1984,0
other_middle_east,1985,0
other_middle_east,1986,0
other_middle_east,1987,0.02191
other_middle_east,1988,0.02191
other_middle_east,1989,0.0086075
other_middle_east,1990,0.0117375
other_middle_east,1991,0.0039125
other_middle_east,1992,0.0039125
other_middle_east,1993,0.0039125
other_middle_east,1994,0.0039125
other_middle_east,1995,0.0039125
other_middle_east,1996,0.0039125
other_middle_east,1997,0.0039125
other_middle_east,1998,0.0039125
other_middle_east,1999,0.0054775
other_middle_east,2000,0.0054775
other_middle_east,2001,0.0054775
other_middle_east,2002,0.0054775
other_middle_east,2003,0.004695
other_middle_east,2004,0.004695
other_middle_east,2005,0.004695
other_middle_east,2006,0.0039125
other_middle_east,2007,0.0039125
other_middle_east,2008,0.0039125
other_middle_east,2009,0.004695
other_middle_east,2010,0.004695
other_middle_east,2011,0.004695
other_middle_east,2012,0.004695
other_middle_east,2013,0.004695
other_middle_east,2014,0.00471964
other_middle_east,2015,0.00471964
other_middle_east,2016,0.00471964
other_middle_east,2017,0.00471964
other_s_cent_america,1980,0.15896707
other_s_cent_america,1981,0.15310207
other_s_cent_america,1982,0.14913908
other_s_cent_america,1983,0.15793658
other_s_cent_america,1984,0.15279145
other_s_cent_america,1985,0.14790395
other_s_cent_america,1986,0.14666883
other_s_cent_america,1987,0.14569134
other_s_cent_america,1988,0.14445622
other_s_cent_america,1989,0.16051609
other_s_cent_america,1990,0.15732597
other_s_cent_america,1991,0.15511335
other_s_cent_america,1992,0.15583323
other_s_cent_america,1993,0.1536206
other_s_cent_america,1994,0.15142299
other_s_cent_america,1995,0.14627786
other_s_cent_america,1996,0.14113274
other_s_cent_america,1997,0.1406175
other_s_cent_america,1998,0.13744238
other_s_cent_america,1999,0.1367225
other_s_cent_america,2000,0.11836
other_s_cent_america,2001,0.1173825
other_s_cent_america,2002,0.116405
other_s_cent_america,2003,0.0695475
other_s_cent_america,2004,0.0642845
other_s_cent_america,2005,0.0642545
other_s_cent_america,2006,0.0627829
other_s_cent_america,2007,0.0654699
other_s_cent_america,2008,0.06508075
other_s_cent_america,2009,0.0646322
other_s_cent_america,2010,0.06019389
other_s_cent_america,2011,0.05913875
other_s_cent_america,2012,0.05808
other_s_cent_america,2013,0.0571025
other_s_cent_america,2014,0.0606235
other_s_cent_america,2015,0.06070305
other_s_cent_america,2016,0.06062532
other_s_cent_america,2017,0.06110657
pakistan,1980,0.29129189
pakistan,1981,0.31637001
pakistan,1982,0.35765243
pakistan,1983,0.3047955
pakistan,1984,0.30402386
pakistan,1985,0.29707915
pakistan,1986,0.36073896
pakistan,1987,0.43211514
pakistan,1988,0.34187251
pakistan,1989,0.34723538
pakistan,1990,0.37518781
pakistan,1991,0.43597332
pakistan,1992,0.47574174
pakistan,1993,0.44968489
pakistan,1994,0.45040318
pakistan,1995,0.40810224
pakistan,1996,0.39342731
pakistan,1997,0.36427638
pakistan,1998,0.40411672
pakistan,1999,0.40145203
pakistan,2000,0.5007838
pakistan,2001,0.51623797
pakistan,2002,0.54821408
pakistan,2003,0.54336494
pakistan,2004,0.58058685
pakistan,2005,0.67682779
pakistan,2006,0.67671126
pakistan,2007,0.66898406
pakistan,2008,0.6091187
pakistan,2009,0.58144879
pakistan,2010,0.55108458
pakistan,2011,0.54619724
pakistan,2012,0.5394699
pakistan,2013,0.48517603
pakistan,2014,0.4548386
pakistan,2015,0.37964705
pakistan,2016,0.36496273
pakistan,2017,0.37984315
papua_new_guinea,1980,0
papua_new_guinea,1981,0
papua_new_guinea,1982,0
papua_new_guinea,1983,0
papua_new_guinea,1984,0
papua_new_guinea,1985,0.00010899
papua_new_guinea,1986,0.00029972
papua_new_guinea,1987,0.00058581
papua_new_guinea,1988,0.0008719
papua_new_guinea,1989,0.00153945
papua_new_guinea,1990,0.00164163
papua_new_guinea,1991,0.00275195
papua_new_guinea,1992,0.00296992
papua_new_guinea,1993,0.00373284
papua_new_guinea,1994,0.00291543
papua_new_guinea,1995,0.00291543
papua_new_guinea,1996,0.00291543
papua_new_guinea,1997,0.00291543
papua_new_guinea,1998,0.00291543
papua_new_guinea,1999,0.00291543
papua_new_guinea,2000,0.00291543
papua_new_guinea,2001,0.00291628
papua_new_guinea,2002,0.00276093
papua_new_guinea,2003,0.00262465
papua_new_guinea,2004,0.0024802
papua_new_guinea,2005,0.00233303
papua_new_guinea,2006,0.00219402
papua_new_guinea,2007,0.0020632
papua_new_guinea,2008,0.00192148
papua_new_guinea,2009,0.14959294
papua_new_guinea,2010,0.1494403
papua_new_guinea,2011,0.1492904
papua_new_guinea,2012,0.14914595
papua_new_guinea,2013,0.14899606
papua_new_guinea,2014,0.14561045
papua_new_guinea,2015,0.13596024
papua_new_guinea,2016,0.20248355
papua_new_guinea,2017,0.19208547
peru,1980,0.0308
peru,1981,0.0308
peru,1982,0.0259875
peru,1983,0.025025
peru,1984,0.0240625
peru,1985,0.0259875
peru,1986,0.0529375
peru,1987,0.32725
peru,1988,0.32725
peru,1989,0.32725
peru,1990,0.32628751
peru,1991,0.33013749
peru,1992,0.313775
peru,1993,0.31955001
peru,1994,0.32725
peru,1995,0.19346251
peru,1996,0.19346251
peru,1997,0.190575
peru,1998,0.23773751
peru,1999,0.23773751
peru,2000,0.23773751
peru,2001,0.23773751
peru,2002,0.23773751
peru,2003,0.23773751
peru,2004,0.31281251
peru,2005,0.321475
peru,2006,0.3191458
peru,2007,0.32215372
peru,2008,0.32711414
peru,2009,0.32711414
peru,2010,0.33965141
peru,2011,0.34613809
peru,2012,0.41907239
peru,2013,0.4101055
peru,2014,0.39863116
peru,2015,0.38374996
peru,2016,0.43853244
peru,2017,0.43853244
poland,1980,0.0767
poland,1981,0.07375
poland,1982,0.0715375
poland,1983,0.069325
poland,1984,0.0671125
poland,1985,0.0708
poland,1986,0.1216875
poland,1987,0.1202125
poland,1988,0.12611251
poland,1989,0.12095
poland,1990,0.1172625
poland,1991,0.1128375
poland,1992,0.116525
poland,1993,0.1143125
poland,1994,0.1143125
poland,1995,0.1128375
poland,1996,0.1098875
poland,1997,0.1143125
poland,1998,0.1039875
poland,1999,0.107675
poland,2000,0.0877625
poland,2001,0.0848125
poland,2002,0.08555
poland,2003,0.081125
poland,2004,0.0803875
poland,2005,0.078175
poland,2006,0.0833375
poland,2007,0.08513038
poland,2008,0.0858178
poland,2009,0.09000279
poland,2010,0.08895651
poland,2011,0.0788085
poland,2012,0.07590362
poland,2013,0.07247484
poland,2014,0.06970493
poland,2015,0.06687786
poland,2016,0.06539168
poland,2017,0.06687786
qatar,1980,2.898
qatar,1981,2.92904997
qatar,1982,3.25507498
qatar,1983,3.51900005
qatar,1984,4.42980003
qatar,1985,4.59539986
qatar,1986,4.59539986
qatar,1987,4.59539986
qatar,1988,4.78273487
qatar,1989,4.78170013
qatar,1990,4.77652502
qatar,1991,6.65297985
qatar,1992,6.94795513
qatar,1993,7.31745005
qatar,1994,7.31745005
qatar,1995,8.79749966
qatar,1996,8.79749966
qatar,1997,8.79749966
qatar,1998,11.28149986
qatar,1999,11.54749489
qatar,2000,14.9485054
qatar,2001,26.68540573
qatar,2002,26.68540573
qatar,2003,26.23000526
qatar,2004,26.24863434
qatar,2005,26.53326035
qatar,2006,26.43675804
qatar,2007,26.35618973
qatar,2008,26.25285149
qatar,2009,26.20783424
qatar,2010,25.92372322
qatar,2011,25.92372322
qatar,2012,25.75874901
qatar,2013,25.54187012
qatar,2014,25.38653755
qatar,2015,25.14953232
qatar,2016,24.91503906
qatar,2017,24.91503906
romania,1980,0.27955499
romania,1981,0.26091799
romania,1982,0.23762175
romania,1983,0.2143255
romania,1984,0.1956885
romania,1985,0.25159949
romania,1986,0.21898475
romania,1987,0.1845063
romania,1988,0.15375525
romania,1989,0.12393605
romania,1990,0.09784425
romania,1991,0.44821984
romania,1992,0.4342421
romania,1993,0.41467324
romania,1994,0.39603624
romania,1995,0.37926295
romania,1996,0.36248964
romania,1997,0.3485119
romania,1998,0.335466
romania,1999,0.32428381
romania,2000,0.31216976
romania,2001,0.30005571
romania,2002,0.28980535
romania,2003,0.28421426
romania,2004,0.27489576
romania,2005,0.5852018
romania,2006,0.5852018
romania,2007,0.5852018
romania,2008,0.57495147
romania,2009,0.56470108
romania,2010,0.55453646
romania,2011,0.10157165
romania,2012,0.0950487
romania,2013,0.0950487
romania,2014,0.1025035
romania,2015,0.1025035
romania,2016,0.1025035
romania,2017,0.1025035
russian_federation,1991,33.91055298
russian_federation,1992,34.72989655
russian_federation,1993,34.7340126
russian_federation,1994,34.50941467
russian_federation,1995,33.70468903
russian_federation,1996,33.4253273
russian_federation,1997,33.56744385
russian_federation,1998,33.364048
russian_federation,1999,32.94984818
russian_federation,2000,33.15571213
russian_federation,2001,33.3615799
russian_federation,2002,33.91055298
russian_federation,2003,33.7733078
russian_federation,2004,33.63606644
russian_federation,2005,33.7733078
russian_federation,2006,33.7733078
russian_federation,2007,33.91055298
russian_federation,2008,33.97917557
russian_federation,2009,34.04779816
russian_federation,2010,34.11641693
russian_federation,2011,34.45952606
russian_federation,2012,34.64007187
russian_federation,2013,34.94399643
russian_federation,2014,35.04906082
russian_federation,2015,34.95740128
russian_federation,2016,34.83325195
russian_federation,2017,34.96973038
saudi_arabia,1980,3.02406859
saudi_arabia,1981,3.17877603
saudi_arabia,1982,3.26056147
saudi_arabia,1983,3.36677146
saudi_arabia,1984,3.42760944
saudi_arabia,1985,3.50265002
saudi_arabia,1986,3.8199501
saudi_arabia,1987,3.98002505
saudi_arabia,1988,4.76900005
saudi_arabia,1989,4.95747995
saudi_arabia,1990,4.96156502
saudi_arabia,1991,4.95956993
saudi_arabia,1992,4.98636007
saudi_arabia,1993,4.98636007
saudi_arabia,1994,4.99700022
saudi_arabia,1995,5.26727486
saudi_arabia,1996,5.40863514
saudi_arabia,1997,5.58790016
saudi_arabia,1998,5.7645998
saudi_arabia,1999,5.83869982
saudi_arabia,2000,5.98594999
saudi_arabia,2001,6.13278198
saudi_arabia,2002,6.3137002
saudi_arabia,2003,6.41629982
saudi_arabia,2004,6.41914988
saudi_arabia,2005,6.48089981
saudi_arabia,2006,6.71934986
saudi_arabia,2007,6.93922234
saudi_arabia,2008,7.074965
saudi_arabia,2009,7.40315723
saudi_arabia,2010,7.50538111
saudi_arabia,2011,7.60222483
saudi_arabia,2012,7.66140699
saudi_arabia,2013,7.75825071
saudi_arabia,2014,7.90889597
saudi_arabia,2015,8.00574017
saudi_arabia,2016,8.03533077
saudi_arabia,2017,8.03533077
syria,1980,0.084825
syria,1981,0.084825
syria,1982,0.0970775
syria,1983,0.09802
syria,1984,0.09802
syria,1985,0.11687
syria,1986,0.133835
syria,1987,0.1178125
syria,1988,0.1065025
syria,1989,0.14797249
syria,1990,0.171535
syria,1991,0.1885
syria,1992,0.1885
syria,1993,0.2139475
syria,1994,0.22148751
syria,1995,0.22148751
syria,1996,0.22148751
syria,1997,0.224315
syria,1998,0.224315
syria,1999,0.2271425
syria,2000,0.2271425
syria,2001,0.2271425
syria,2002,0.235625
syria,2003,0.273325
syria,2004,0.273325
syria,2005,0.273325
syria,2006,0.273325
syria,2007,0.26767001
syria,2008,0.254475
syria,2009,0.2686125
syria,2010,0.2686125
syria,2011,0.2686125
syria,2012,0.2686125
syria,2013,0.2686125
syria,2014,0.2686125
syria,2015,0.2686125
syria,2016,0.2686125
syria,2017,0.2686125
thailand,1980,0.3022114
thailand,1981,0.41605818
thailand,1982,0.36223972
thailand,1983,0.17387506
thailand,1984,0.21734382
thailand,1985,0.22562359
thailand,1986,0.211134
thailand,1987,0.19043459
thailand,1988,0.20181927
thailand,1989,0.23700826
thailand,1990,0.23183341
thailand,1991,0.25460276
thailand,1992,0.23907821
thailand,1993,0.18732968
thailand,1994,0.18111986
thailand,1995,0.18215482
thailand,1996,0.20285423
thailand,1997,0.21216898
thailand,1998,0.43468764
thailand,1999,0.35706484
thailand,2000,0.37258941
thailand,2001,0.39121887
thailand,2002,0.45642203
thailand,2003,0.43261769
thailand,2004,0.36637959
thailand,2005,0.31463107
thailand,2006,0.34257525
thailand,2007,0.32823959
thailand,2008,0.35168529
thailand,2009,0.32325739
thailand,2010,0.3100692
thailand,2011,0.29485881
thailand,2012,0.26490459
thailand,2013,0.24661256
thailand,2014,0.2271802
thailand,2015,0.21406379
thailand,2016,0.20016901
thailand,2017,0.20016901
total_africa,1980,5.74640288
total_africa,1981,5.67422101
total_africa,1982,6.03038964
total_africa,1983,6.0316424
total_africa,1984,5.96257515
total_africa,1985,5.91292
total_africa,1986,7.09099741
total_africa,1987,7.08412001
total_africa,1988,7.36123506
total_africa,1989,8.11389978
total_africa,1990,8.18905997
total_africa,1991,9.10360501
total_africa,1992,9.46732249
total_africa,1993,9.58397759
total_africa,1994,8.73694239
total_africa,1995,9.50599235
total_africa,1996,9.73493499
total_africa,1997,10.16967005
total_africa,1998,10.30930766
total_africa,1999,10.95774019
total_africa,2000,11.93329985
total_africa,2001,12.57115721
total_africa,2002,13.16446491
total_africa,2003,13.25121146
total_africa,2004,13.57544149
total_africa,2005,13.45172021
total_africa,2006,13.74659806
total_africa,2007,13.97933948
total_africa,2008,14.02025563
total_africa,2009,14.12387452
total_africa,2010,13.97989415
total_africa,2011,14.0304019
total_africa,2012,13.82213052
total_africa,2013,13.57189986
total_africa,2014,13.71418963
total_africa,2015,13.62057892
total_africa,2016,13.81553328
total_africa,2017,13.81296943
total_asia_pacific,1980,4.54693474
total_asia_pacific,1981,5.13849195
total_asia_pacific,1982,5.68978417
total_asia_pacific,1983,5.8440915
total_asia_pacific,1984,6.51657877
total_asia_pacific,1985,6.93488905
total_asia_pacific,1986,7.5724701
total_asia_pacific,1987,7.85982941
total_asia_pacific,1988,8.03513498
total_asia_pacific,1989,8.5260885
total_asia_pacific,1990,9.04598306
total_asia_pacific,1991,8.29634174
total_asia_pacific,1992,8.68371087
total_asia_pacific,1993,9.08676127
total_asia_pacific,1994,9.45312377
total_asia_pacific,1995,9.64590333
total_asia_pacific,1996,9.22699542
total_asia_pacific,1997,9.44322229
total_asia_pacific,1998,10.49899844
total_asia_pacific,1999,10.75868997
total_asia_pacific,2000,11.09499806
total_asia_pacific,2001,11.56553668
total_asia_pacific,2002,11.65410529
total_asia_pacific,2003,11.79853744
total_asia_pacific,2004,12.1317217
total_asia_pacific,2005,12.13618681
total_asia_pacific,2006,12.5042576
total_asia_pacific,2007,13.56015457
total_asia_pacific,2008,14.98556456
total_asia_pacific,2009,15.24465909
total_asia_pacific,2010,14.92437533
total_asia_pacific,2011,16.00084635
total_asia_pacific,2012,16.2235935
total_asia_pacific,2013,16.75503253
total_asia_pacific,2014,16.97325077
total_asia_pacific,2015,17.703613
total_asia_pacific,2016,19.2388987
total_asia_pacific,2017,19.30764338
total_cis,1980,20.4692955
total_cis,1981,21.74862671
total_cis,1982,22.38829231
total_cis,1983,23.02795792
total_cis,1984,23.98745728
total_cis,1985,25.58662033
total_cis,1986,26.22628403
total_cis,1987,26.67405128
total_cis,1988,27.18578339
total_cis,1989,33.26260376
total_cis,1990,34.88095856
total_cis,1991,36.32559323
total_cis,1992,37.12083435
total_cis,1993,38.14443684
total_cis,1994,38.36074376
total_cis,1995,37.83465815
total_cis,1996,37.36467171
total_cis,1997,40.3429605
total_cis,1998,40.07414385
total_cis,1999,40.04085235
total_cis,2000,40.31364425
total_cis,2001,40.51925435
total_cis,2002,41.11460437
total_cis,2003,40.97988612
total_cis,2004,40.8459334
total_cis,2005,40.96879992
total_cis,2006,40.98964362
total_cis,2007,41.16550838
total_cis,2008,46.8518647
total_cis,2009,46.81962777
total_cis,2010,50.00443202
total_cis,2011,58.35539921
total_cis,2012,58.54921766
total_cis,2013,58.90626761
total_cis,2014,59.33447753
total_cis,2015,59.18304076
total_cis,2016,59.02666178
total_cis,2017,59.21388521
total_europe,1980,4.24374781
total_europe,1981,4.08036773
total_europe,1982,3.95128519
total_europe,1983,4.19324003
total_europe,1984,4.12767931
total_europe,1985,4.22024074
total_europe,1986,4.15223761
total_europe,1987,4.89564761
total_europe,1988,5.2893136
total_europe,1989,5.2364911
total_europe,1990,5.22537918
total_europe,1991,5.15365711
total_europe,1992,5.26501879
total_europe,1993,5.15303386
total_europe,1994,5.12954596
total_europe,1995,5.1320789
total_europe,1996,5.21414117
total_europe,1997,4.88324707
total_europe,1998,4.75839944
total_europe,1999,4.83606504
total_europe,2000,4.70621636
total_europe,2001,5.474306
total_europe,2002,5.27935649
total_europe,2003,5.45033989
total_europe,2004,5.24113842
total_europe,2005,5.39141052
total_europe,2006,5.16084309
total_europe,2007,4.99909304
total_europe,2008,4.74482728
total_europe,2009,4.54637099
total_europe,2010,4.42804596
total_europe,2011,3.90984925
total_europe,2012,3.65990645
total_europe,2013,3.54295514
total_europe,2014,3.28003724
total_europe,2015,3.20408817
total_europe,2016,2.98911706
total_europe,2017,2.95794035
total_middle_east,1980,24.24753142
total_middle_east,1981,24.54952846
total_middle_east,1982,25.42229036
total_middle_east,1983,25.91880382
total_middle_east,1984,26.96139728
total_middle_east,1985,27.23021963
total_middle_east,1986,29.89012036
total_middle_east,1987,30.6236701
total_middle_east,1988,33.65775023
total_middle_east,1989,37.07502341
total_middle_east,1990,37.22411553
total_middle_east,1991,41.91423336
total_middle_east,1992,43.15727106
total_middle_east,1993,43.58888842
total_middle_east,1994,44.69580732
total_middle_east,1995,44.56599507
total_middle_east,1996,48.37455155
total_middle_east,1997,48.59553181
total_middle_east,1998,52.29131125
total_middle_east,1999,53.83856851
total_middle_east,2000,58.3359174
total_middle_east,2001,70.4625464
total_middle_east,2002,71.30614695
total_middle_east,2003,71.8717788
total_middle_east,2004,71.86221972
total_middle_east,2005,72.3166758
total_middle_east,2006,72.24010426
total_middle_east,2007,73.62874283
total_middle_east,2008,74.74390212
total_middle_east,2009,74.82414156
total_middle_east,2010,78.15057725
total_middle_east,2011,79.14806384
total_middle_east,2012,79.16211572
total_middle_east,2013,79.43966499
total_middle_east,2014,79.49398982
total_middle_east,2015,78.8377711
total_middle_east,2016,78.83419083
total_middle_east,2017,79.12393233
total_north_america,1980,9.578493
total_north_america,1981,10.02350044
total_north_america,1982,10.04425955
total_north_america,1983,10.07744622
total_north_america,1984,10.17974234
total_north_america,1985,10.03997803
total_north_america,1986,9.93464994
total_north_america,1987,9.7388165
total_north_america,1988,9.15704679
total_north_america,1989,9.17271042
total_north_america,1990,9.19185567
total_north_america,1991,9.10075378
total_north_america,1992,8.98236489
total_north_america,1993,8.4828701
total_north_america,1994,8.16765034
total_north_america,1995,8.21187937
total_north_america,1996,8.15532839
total_north_america,1997,8.03608382
total_north_america,1998,6.95516676
total_north_america,1999,7.02868074
total_north_america,2000,7.24035406
total_north_america,2001,7.37678629
total_north_america,2002,7.07345843
total_north_america,2003,7.06927025
total_north_america,2004,7.15848893
total_north_america,2005,7.50050217
total_north_america,2006,7.66913685
total_north_america,2007,8.37104347
total_north_america,2008,8.6597698
total_north_america,2009,9.36949131
total_north_america,2010,10.49274403
total_north_america,2011,11.24394706
total_north_america,2012,10.6127733
total_north_america,2013,11.4469153
total_north_america,2014,12.21057993
total_north_america,2015,10.65311018
total_north_america,2016,10.92827563
total_north_america,2017,10.81545858
total_s_cent_america,1980,2.79304518
total_s_cent_america,1981,2.98788809
total_s_cent_america,1982,3.13658781
total_s_cent_america,1983,3.20837232
total_s_cent_america,1984,3.29066595
total_s_cent_america,1985,3.39342986
total_s_cent_america,1986,4.40301971
total_s_cent_america,1987,4.93037892
total_s_cent_america,1988,5.0559952
total_s_cent_america,1989,5.07679404
total_s_cent_america,1990,5.50154592
total_s_cent_america,1991,5.65289267
total_s_cent_america,1992,5.75253848
total_s_cent_america,1993,5.75706237
total_s_cent_america,1994,6.13902197
total_s_cent_america,1995,6.2831288
total_s_cent_america,1996,6.37554586
total_s_cent_america,1997,6.61084099
total_s_cent_america,1998,6.75797819
total_s_cent_america,1999,7.19993968
total_s_cent_america,2000,7.26695719
total_s_cent_america,2001,7.39579998
total_s_cent_america,2002,7.36576794
total_s_cent_america,2003,7.22021568
total_s_cent_america,2004,7.3640398
total_s_cent_america,2005,7.26825223
total_s_cent_america,2006,7.69912818
total_s_cent_america,2007,7.83954124
total_s_cent_america,2008,7.91457072
total_s_cent_america,2009,7.55860963
total_s_cent_america,2010,8.10614971
total_s_cent_america,2011,8.12395669
total_s_cent_america,2012,8.25380185
total_s_cent_america,2013,8.22775654
total_s_cent_america,2014,8.22008096
total_s_cent_america,2015,8.26348212
total_s_cent_america,2016,8.25891142
total_s_cent_america,2017,8.21973731
total_world,1980,71.62545052
total_world,1981,74.20262439
total_world,1982,76.66288904
total_world,1983,78.30155421
total_world,1984,81.02609607
total_world,1985,83.31829764
total_world,1986,89.26977916
total_world,1987,91.80651382
total_world,1988,95.74225924
total_world,1989,106.46361101
total_world,1990,109.25889789
total_world,1991,115.5470769
total_world,1992,118.42906093
total_world,1993,119.79703046
total_world,1994,120.68283552
total_world,1995,121.17963597
total_world,1996,124.44616909
total_world,1997,128.08155653
total_world,1998,131.64530558
total_world,1999,134.66053649
total_world,2000,140.89138717
total_world,2001,155.36538692
total_world,2002,156.95790439
total_world,2003,157.64123965
total_world,2004,158.17898347
total_world,2005,159.03354766
total_world,2006,160.00971167
total_world,2007,163.54342301
total_world,2008,171.92075482
total_world,2009,172.48677488
total_world,2010,180.08621845
total_world,2011,190.8124643
total_world,2012,190.28353901
total_world,2013,191.89049199
total_world,2014,193.22660589
total_world,2015,191.46568425
total_world,2016,193.09158869
total_world,2017,193.4515666
trinidad_tobago,1980,0.28883249
trinidad_tobago,1981,0.33065
trinidad_tobago,1982,0.32481501
trinidad_tobago,1983,0.30828249
trinidad_tobago,1984,0.3024475
trinidad_tobago,1985,0.30828249
trinidad_tobago,1986,0.30050251
trinidad_tobago,1987,0.29466751
trinidad_tobago,1988,0.28591499
trinidad_tobago,1989,0.278135
trinidad_tobago,1990,0.24507
trinidad_tobago,1991,0.231455
trinidad_tobago,1992,0.2265925
trinidad_tobago,1993,0.223675
trinidad_tobago,1994,0.278135
trinidad_tobago,1995,0.3394025
trinidad_tobago,1996,0.44345999
trinidad_tobago,1997,0.50278252
trinidad_tobago,1998,0.54460001
trinidad_tobago,1999,0.58836251
trinidad_tobago,2000,0.54168248
trinidad_tobago,2001,0.56015998
trinidad_tobago,2002,0.57280248
trinidad_tobago,2003,0.51736999
trinidad_tobago,2004,0.51736999
trinidad_tobago,2005,0.51542503
trinidad_tobago,2006,0.4668
trinidad_tobago,2007,0.46806571
trinidad_tobago,2008,0.42326117
trinidad_tobago,2009,0.39698976
trinidad_tobago,2010,0.37066332
trinidad_tobago,2011,0.36507308
trinidad_tobago,2012,0.36091483
trinidad_tobago,2013,0.3370668
trinidad_tobago,2014,0.31677118
trinidad_tobago,2015,0.31677118
trinidad_tobago,2016,0.29190424
trinidad_tobago,2017,0.26047048
turkmenistan,1997,2.63697433
turkmenistan,1998,2.51876497
turkmenistan,1999,2.60060215
turkmenistan,2000,2.60060215
turkmenistan,2001,2.60060215
turkmenistan,2002,2.60060215
turkmenistan,2003,2.60060215
turkmenistan,2004,2.60060215
turkmenistan,2005,2.60060215
turkmenistan,2006,2.60060215
turkmenistan,2007,2.60060215
turkmenistan,2008,8.18371296
turkmenistan,2009,8.18371296
turkmenistan,2010,11.33200264
turkmenistan,2011,19.48569298
turkmenistan,2012,19.48569298
turkmenistan,2013,19.48569298
turkmenistan,2014,19.48569298
turkmenistan,2015,19.48569298
turkmenistan,2016,19.48569298
turkmenistan,2017,19.48569298
ukraine,1997,0.74259621
ukraine,1998,0.7956388
ukraine,1999,0.78856641
ukraine,2000,0.78503031
ukraine,2001,0.78503031
ukraine,2002,0.78503031
ukraine,2003,0.78149408
ukraine,2004,0.78503031
ukraine,2005,0.77795792
ukraine,2006,0.77652931
ukraine,2007,0.77652931
ukraine,2008,0.76145107
ukraine,2009,0.74637282
ukraine,2010,0.73019791
ukraine,2011,0.72908306
ukraine,2012,1.16501653
ukraine,2013,1.13724017
ukraine,2014,1.13823223
ukraine,2015,1.0695852
ukraine,2016,1.05014181
ukraine,2017,1.05014181
united_arab_emirates,1980,2.31075001
united_arab_emirates,1981,2.46577501
united_arab_emirates,1982,2.89867496
united_arab_emirates,1983,2.97277498
united_arab_emirates,1984,3.0302999
united_arab_emirates,1985,3.06929994
united_arab_emirates,1986,5.27884483
united_arab_emirates,1987,5.54190016
united_arab_emirates,1988,5.52142477
united_arab_emirates,1989,5.50874996
united_arab_emirates,1990,5.48242521
united_arab_emirates,1991,5.64817476
united_arab_emirates,1992,5.65012503
united_arab_emirates,1993,5.65012503
united_arab_emirates,1994,6.60757494
united_arab_emirates,1995,5.71252489
united_arab_emirates,1996,5.63940001
united_arab_emirates,1997,5.91142511
united_arab_emirates,1998,5.84609985
united_arab_emirates,1999,5.8451252
united_arab_emirates,2000,5.84415007
united_arab_emirates,2001,5.90654993
united_arab_emirates,2002,5.90264988
united_arab_emirates,2003,5.89582491
united_arab_emirates,2004,5.93092489
united_arab_emirates,2005,5.96212482
united_arab_emirates,2006,6.27997494
united_arab_emirates,2007,6.27607489
united_arab_emirates,2008,5.93774986
united_arab_emirates,2009,5.93872499
united_arab_emirates,2010,5.93872499
united_arab_emirates,2011,5.93872499
united_arab_emirates,2012,5.93872499
united_arab_emirates,2013,5.93872499
united_arab_emirates,2014,5.93872499
united_arab_emirates,2015,5.93872499
united_arab_emirates,2016,5.93872499
united_arab_emirates,2017,5.93872499
united_kingdom,1980,0.73530501
united_kingdom,1981,0.66068
united_kingdom,1982,0.62983501
united_kingdom,1983,0.70844001
united_kingdom,1984,0.72137499
united_kingdom,1985,0.64476001
united_kingdom,1986,0.63082999
united_kingdom,1987,0.64077997
united_kingdom,1988,0.58705002
united_kingdom,1989,0.55720001
united_kingdom,1990,0.54227501
united_kingdom,1991,0.53729999
united_kingdom,1992,0.60694999
united_kingdom,1993,0.62685001
united_kingdom,1994,0.65670002
united_kingdom,1995,0.6965
united_kingdom,1996,0.75620002
united_kingdom,1997,0.76117498
united_kingdom,1998,0.75122499
united_kingdom,1999,0.75620002
united_kingdom,2000,0.73132497
united_kingdom,2001,0.65172499
united_kingdom,2002,0.62685001
united_kingdom,2003,0.58705002
united_kingdom,2004,0.52834499
united_kingdom,2005,0.47859499
united_kingdom,2006,0.40994
united_kingdom,2007,0.34128499
united_kingdom,2008,0.29054001
united_kingdom,2009,0.25472
united_kingdom,2010,0.25132704
united_kingdom,2011,0.24479985
united_kingdom,2012,0.24278
united_kingdom,2013,0.239795
united_kingdom,2014,0.20497
united_kingdom,2015,0.205965
united_kingdom,2016,0.18395764
united_kingdom,2017,0.18395764
us,1980,5.39613295
us,1981,5.46958303
us,1982,5.46367216
us,1983,5.42937374
us,1984,5.35388994
us,1985,5.24288797
us,1986,5.19454479
us,1987,5.07592392
us,1988,4.55569935
us,1989,4.53108025
us,1990,4.5915432
us,1991,4.52961636
us,1992,4.47411489
us,1993,4.40362024
us,1994,4.44217539
us,1995,4.47766685
us,1996,4.51367331
us,1997,4.53398132
us,1998,4.4477067
us,1999,4.53894329
us,2000,4.81064653
us,2001,4.97422123
us,2002,5.06873846
us,2003,5.12562275
us,2004,5.21967888
us,2005,5.54156876
us,2006,5.72322845
us,2007,6.44555616
us,2008,6.63345194
us,2009,7.38864136
us,2010,8.25941467
us,2011,9.05768681
us,2012,8.35189819
us,2013,9.17148209
us,2014,9.99681282
us,2015,8.34360123
us,2016,8.73685455
us,2017,8.73685455
ussr,1980,20.4692955
ussr,1981,21.74862671
ussr,1982,22.38829231
ussr,1983,23.02795792
ussr,1984,23.98745728
ussr,1985,25.58662033
ussr,1986,26.22628403
ussr,1987,26.67405128
ussr,1988,27.18578339
ussr,1989,33.26260376
ussr,1990,34.88095856
ussr,1991,2.41504025
ussr,1992,2.39093781
ussr,1993,3.41042423
ussr,1994,3.85132909
ussr,1995,4.12996912
ussr,1996,3.93934441
uzbekistan,1997,1.23766029
uzbekistan,1998,1.23766029
uzbekistan,1999,1.23766029
uzbekistan,2000,1.30838382
uzbekistan,2001,1.30838382
uzbekistan,2002,1.30838382
uzbekistan,2003,1.31545615
uzbekistan,2004,1.31545615
uzbekistan,2005,1.30838382
uzbekistan,2006,1.32311547
uzbekistan,2007,1.32311547
uzbekistan,2008,1.31557631
uzbekistan,2009,1.26807988
uzbekistan,2010,1.25081229
uzbekistan,2011,1.25081229
uzbekistan,2012,1.25081229
uzbekistan,2013,1.21053755
uzbekistan,2014,1.21053755
uzbekistan,2015,1.21053755
uzbekistan,2016,1.21053755
uzbekistan,2017,1.21053755
venezuela,1980,1.40127516
venezuela,1981,1.51526105
venezuela,1982,1.63305426
venezuela,1983,1.73418629
venezuela,1984,1.84959304
venezuela,1985,1.92562795
venezuela,1986,2.91041994
venezuela,1987,3.1501801
venezuela,1988,3.17016006
venezuela,1989,3.32189703
venezuela,1990,3.80619001
venezuela,1991,3.97579789
venezuela,1992,4.09922981
venezuela,1993,4.09922981
venezuela,1994,4.40120554
venezuela,1995,4.51181698
venezuela,1996,4.4971652
venezuela,1997,4.5740881
venezuela,1998,4.6036849
venezuela,1999,4.60918379
venezuela,2000,4.60918379
venezuela,2001,4.63980007
venezuela,2002,4.64091015
venezuela,2003,4.68309021
venezuela,2004,4.76124287
venezuela,2005,4.78591681
venezuela,2006,5.22548914
venezuela,2007,5.37230682
venezuela,2008,5.53138256
venezuela,2009,5.62240887
venezuela,2010,6.13219976
venezuela,2011,6.13653708
venezuela,2012,6.17334366
venezuela,2013,6.19484282
venezuela,2014,6.235044
venezuela,2015,6.32874203
venezuela,2016,6.37114334
venezuela,2017,6.37114334
vietnam,1980,0
vietnam,1981,0
vietnam,1982,0
vietnam,1983,0
vietnam,1984,0
vietnam,1985,0
vietnam,1986,0
vietnam,1987,0
vietnam,1988,0
vietnam,1989,0
vietnam,1990,0.014475
vietnam,1991,0.014475
vietnam,1992,0.10229
vietnam,1993,0.10229
vietnam,1994,0.12931
vietnam,1995,0.141855
vietnam,1996,0.165015
vietnam,1997,0.16405
vietnam,1998,0.16405
vietnam,1999,0.16405
vietnam,2000,0.16405
vietnam,2001,0.18624499
vietnam,2002,0.22194999
vietnam,2003,0.2123
vietnam,2004,0.2123
vietnam,2005,0.2123
vietnam,2006,0.2123
vietnam,2007,0.4997448
vietnam,2008,0.58303559
vietnam,2009,0.71392113
vietnam,2010,0.64592862
vietnam,2011,0.64592862
vietnam,2012,0.64592862
vietnam,2013,0.64592862
vietnam,2014,0.64592862
vietnam,2015,0.64592862
vietnam,2016,0.64592862
vietnam,2017,0.64592862
yemen,1980,0
yemen,1981,0
yemen,1982,0
yemen,1983,0
yemen,1984,0
yemen,1985,0
yemen,1986,0.0170425
yemen,1987,0.1132825
yemen,1988,0.15639
yemen,1989,0.198495
yemen,1990,0.2456125
yemen,1991,0.32468367
yemen,1992,0.32468367
yemen,1993,0.32468367
yemen,1994,0.32468367
yemen,1995,0.32468367
yemen,1996,0.32468367
yemen,1997,0.32468367
yemen,1998,0.32468367
yemen,1999,0.32468367
yemen,2000,0.32468367
yemen,2001,0.32468367
yemen,2002,0.32468367
yemen,2003,0.32468367
yemen,2004,0.32468367
yemen,2005,0.32468367
yemen,2006,0.32468367
yemen,2007,0.32468367
yemen,2008,0.32468367
yemen,2009,0.32371187
yemen,2010,0.31589237
yemen,2011,0.304113
yemen,2012,0.2946018
yemen,2013,0.28165701
yemen,2014,0.26952773
yemen,2015,0.26693752
yemen,2016,0.26693752
yemen,2017,0.26693752
