geo,year,oil_proved_reserves_history
algeria,1980,8.19999980926514
algeria,1981,8.07999992370605
algeria,1982,9.4399995803833
algeria,1983,9.22000026702881
algeria,1984,9.0
algeria,1985,8.81999969482422
algeria,1986,8.80000019073486
algeria,1987,8.56400012969971
algeria,1988,9.19999980926514
algeria,1989,9.23600006103516
algeria,1990,9.19999980926514
algeria,1991,9.19999980926514
algeria,1992,9.19999980926514
algeria,1993,9.19999980926514
algeria,1994,9.97900009155273
algeria,1995,9.97900009155273
algeria,1996,10.8000001907348
algeria,1997,11.1999998092651
algeria,1998,11.3140001296997
algeria,1999,11.3140001296997
algeria,2000,11.3140001296997
algeria,2001,11.3140001296997
algeria,2002,11.3140001296997
algeria,2003,11.8000001907348
algeria,2004,11.8000001907348
algeria,2005,12.2700004577636
algeria,2006,12.2700004577636
algeria,2007,12.1999998092651
algeria,2008,12.1999998092651
algeria,2009,12.1999998092651
algeria,2010,12.1999998092651
algeria,2011,12.1999998092651
algeria,2012,12.1999998092651
algeria,2013,12.1999998092651
algeria,2014,12.1999998092651
angola,1980,1.375
angola,1981,1.10800004005432
angola,1982,1.45700001716614
angola,1983,1.7150000333786
angola,1984,2.1470000743866
angola,1985,2.01799988746643
angola,1986,1.39999997615814
angola,1987,2.0
angola,1988,2.0
angola,1989,2.07399988174438
angola,1990,1.62450003623962
angola,1991,1.44959998130798
angola,1992,1.33399999141693
angola,1993,1.90100002288818
angola,1994,2.9646999835968
angola,1995,3.12520003318787
angola,1996,3.6949999332428
angola,1997,3.90000009536743
angola,1998,4.03000020980835
angola,1999,5.05000019073486
angola,2000,5.97200012207031
angola,2001,6.5
angola,2002,8.89999961853027
angola,2003,8.80099964141846
angola,2004,9.03499984741211
angola,2005,9.03499984741211
angola,2006,9.03499984741211
angola,2007,9.03499984741211
angola,2008,9.03999996185303
angola,2009,9.5
angola,2010,9.5
angola,2011,9.05500030517578
angola,2012,12.6669998168945
angola,2013,12.6669998168945
angola,2014,12.6669998168945
argentina,1980,2.45700001716614
argentina,1981,2.17165207862854
argentina,1982,1.94959998130798
argentina,1983,2.44976902008057
argentina,1984,2.34899997711182
argentina,1985,2.24000000953674
argentina,1986,2.23300004005432
argentina,1987,2.24600005149841
argentina,1988,2.27990007400513
argentina,1989,2.16770005226135
argentina,1990,1.56998705863953
argentina,1991,1.68326652050018
argentina,1992,2.01743793487549
argentina,1993,2.21678709983826
argentina,1994,2.25263285636902
argentina,1995,2.38636684417725
argentina,1996,2.60043430328369
argentina,1997,2.62117791175842
argentina,1998,2.75341486930847
argentina,1999,3.0711886882782
argentina,2000,2.97370290756226
argentina,2001,2.87868285179138
argentina,2002,2.82050848007202
argentina,2003,2.67450928688049
argentina,2004,2.47800922393799
argentina,2005,2.18026280403137
argentina,2006,2.5867600440979
argentina,2007,2.6160204410553
argentina,2008,2.52030825614929
argentina,2009,2.5114963054657
argentina,2010,2.52415180206299
argentina,2011,2.52500009536743
argentina,2012,2.35420942306519
argentina,2013,2.3295841217041
argentina,2014,2.32722997665405
australia,1980,2.12281116843224
australia,1981,2.618448138237
australia,1982,2.93105185031891
australia,1983,2.49076509475708
australia,1984,2.5599530339241
australia,1985,2.45931595563889
australia,1986,2.87444353103638
australia,1987,2.90589255094528
australia,1988,3.1889340877533
australia,1989,3.10087674856186
australia,1990,3.15748500823975
australia,1991,3.22667288780212
australia,1992,3.2203831076622
australia,1993,3.25812190771103
australia,1994,3.81791514158249
australia,1995,3.79904568195343
australia,1996,3.81791520118713
australia,1997,4.03805840015411
australia,1998,4.77396643161774
australia,1999,4.74251735210419
australia,2000,4.94379127025604
australia,2001,4.95637094974518
australia,2002,4.57269239425659
australia,2003,3.74943792819977
australia,2004,3.88926041126251
australia,2005,3.71834111213684
australia,2006,3.51451969146729
australia,2007,3.428959608078
australia,2008,4.23920035362244
australia,2009,4.06139993667603
australia,2010,3.83107978105545
australia,2011,3.8729447722435
australia,2012,3.92196750640869
australia,2013,3.95749872922897
australia,2014,3.98203521966934
azerbaijan,1991,1.25399994850159
azerbaijan,1992,1.25399994850159
azerbaijan,1993,1.25399994850159
azerbaijan,1994,1.15699994564056
azerbaijan,1995,1.15699994564056
azerbaijan,1996,1.15699994564056
azerbaijan,1997,1.15699994564056
azerbaijan,1998,1.15699994564056
azerbaijan,1999,1.17799997329712
azerbaijan,2000,1.17799997329712
azerbaijan,2001,1.17799997329712
azerbaijan,2002,7.0
azerbaijan,2003,7.0
azerbaijan,2004,7.0
azerbaijan,2005,7.0
azerbaijan,2006,7.0
azerbaijan,2007,7.0
azerbaijan,2008,7.0
azerbaijan,2009,7.0
azerbaijan,2010,7.0
azerbaijan,2011,7.0
azerbaijan,2012,7.0
azerbaijan,2013,7.0
azerbaijan,2014,7.0
brazil,1980,1.3179669380188
brazil,1981,1.47584116458893
brazil,1982,1.71843922138214
brazil,1983,1.84983336925507
brazil,1984,2.01601004600525
brazil,1985,2.1680600643158
brazil,1986,2.35841488838196
brazil,1987,2.55075716972351
brazil,1988,2.81613707542419
brazil,1989,2.75983691215515
brazil,1990,4.51304006576538
brazil,1991,4.81834077835083
brazil,1992,4.96574258804321
brazil,1993,4.98215913772583
brazil,1994,5.3744421005249
brazil,1995,6.22304439544678
brazil,1996,6.68067836761475
brazil,1997,7.10594511032104
brazil,1998,7.35725450515747
brazil,1999,8.15331172943115
brazil,2000,8.46448802947998
brazil,2001,8.48519992828369
brazil,2002,9.80428695678711
brazil,2003,10.6015892028808
brazil,2004,11.2430362701416
brazil,2005,11.7722616195678
brazil,2006,12.1820001602172
brazil,2007,12.6238298416137
brazil,2008,12.8014202117919
brazil,2009,12.8756704330444
brazil,2010,14.2463302612304
brazil,2011,15.0498895645141
brazil,2012,15.3142213821411
brazil,2013,15.5927410125732
brazil,2014,16.1544456481933
brunei,1980,1.2940000295639
brunei,1981,1.5
brunei,1982,1.44525003433228
brunei,1983,1.52699995040894
brunei,1984,1.47027003765106
brunei,1985,1.442999958992
brunei,1986,1.47500002384186
brunei,1987,1.60000002384186
brunei,1988,1.20000004768372
brunei,1989,1.15170001983643
brunei,1990,1.12399995326996
brunei,1991,1.14999997615814
brunei,1992,1.12999999523163
brunei,1993,1.25
brunei,1994,1.18799996376038
brunei,1995,1.12399995326996
brunei,1996,1.0900000333786
brunei,1997,1.05999994277954
brunei,1998,1.01999998092651
brunei,1999,1.29999995231628
brunei,2000,1.23000001907349
brunei,2001,1.1599999666214
brunei,2002,1.10000002384186
brunei,2003,1.04999995231628
brunei,2004,1.12030005455017
brunei,2005,1.10500001907349
brunei,2006,1.20000004768372
brunei,2007,1.07799994945526
brunei,2008,1.07799994945526
brunei,2009,1.10000002384186
brunei,2010,1.10000002384186
brunei,2011,1.10000002384186
brunei,2012,1.10000002384186
brunei,2013,1.10000002384186
brunei,2014,1.10000002384186
canada,1980,39.5275214910507
canada,1981,40.1753340959549
canada,1982,40.3120967149734
canada,1983,40.491260766983
canada,1984,40.5317667722702
canada,1985,40.9390387535095
canada,1986,41.1020009517669
canada,1987,41.20126247406
canada,1988,41.4677596092224
canada,1989,41.2957024574279
canada,1990,40.2938377857208
canada,1991,40.0983598232269
canada,1992,39.6339900493621
canada,1993,39.4957213401794
canada,1994,48.1492058038711
canada,1995,48.3665552139282
canada,1996,48.9426259994506
canada,1997,48.8030928373336
canada,1998,49.8230888843536
canada,1999,181.560446262359
canada,2000,181.503695964813
canada,2001,180.940955042839
canada,2002,180.400013208389
canada,2003,179.902950763702
canada,2004,179.5760409832
canada,2005,180.044114947319
canada,2006,179.361954927444
canada,2007,178.834030628204
canada,2008,176.349920153617
canada,2009,175.339444994926
canada,2010,174.904200315475
canada,2011,174.160623669624
canada,2012,173.557101011276
canada,2013,172.917312502861
canada,2014,172.917312502861
chad,1980,0.0
chad,1981,0.0
chad,1982,0.0
chad,1983,0.0
chad,1984,0.0
chad,1985,0.0
chad,1986,0.0
chad,1987,0.0
chad,1988,0.0
chad,1989,0.0
chad,1990,0.0
chad,1991,0.0
chad,1992,0.0
chad,1993,0.0
chad,1994,0.0
chad,1995,0.0
chad,1996,0.0
chad,1997,0.0
chad,1998,0.0
chad,1999,0.0
chad,2000,0.89999997615814
chad,2001,0.89999997615814
chad,2002,0.89999997615814
chad,2003,0.89999997615814
chad,2004,0.89999997615814
chad,2005,1.5
chad,2006,1.5
chad,2007,1.5
chad,2008,1.5
chad,2009,1.5
chad,2010,1.5
chad,2011,1.5
chad,2012,1.5
chad,2013,1.5
chad,2014,1.5
china,1980,13.3526210784912
china,1981,13.2904624938964
china,1982,13.2588701248169
china,1983,14.8808526992797
china,1984,16.3645915985107
china,1985,17.0876960754394
china,1986,17.1612892150878
china,1987,17.4234828948974
china,1988,17.2836265563964
china,1989,16.0584907531738
china,1990,16.0197143554687
china,1991,15.5132122039794
china,1992,15.1931104660034
china,1993,16.4353256225585
china,1994,16.2579402923584
china,1995,16.3550624847412
china,1996,16.4444885253906
china,1997,17.0215053558349
china,1998,17.4228229522705
china,1999,15.1119003295898
china,2000,15.1902999877929
china,2001,15.4114999771118
china,2002,15.5087003707885
china,2003,15.4757003784179
china,2004,15.5306997299194
china,2005,15.5873003005981
china,2006,15.6145000457763
china,2007,15.4933996200561
china,2008,15.6055698394775
china,2009,15.8621196746826
china,2010,17.2987995147705
china,2011,17.8045692443847
china,2012,18.0837059020996
china,2013,18.4789295196533
china,2014,18.4789295196533
colombia,1980,0.55000001192093
colombia,1981,0.52999997138977
colombia,1982,0.61000001430511
colombia,1983,0.63999998569489
colombia,1984,1.10000002384186
colombia,1985,1.24000000953674
colombia,1986,1.70000004768372
colombia,1987,1.9099999666214
colombia,1988,2.04999995231628
colombia,1989,1.98000001907349
colombia,1990,1.99000000953674
colombia,1991,1.88460004329681
colombia,1992,3.23189997673035
colombia,1993,3.15639996528625
colombia,1994,3.13899993896484
colombia,1995,2.95190000534058
colombia,1996,2.79800009727478
colombia,1997,2.57719993591309
colombia,1998,2.47779989242554
colombia,1999,2.28920006752014
colombia,2000,1.97189998626709
colombia,2001,1.84220004081726
colombia,2002,1.6317000389099099
colombia,2003,1.54240000247955
colombia,2004,1.47759997844696
colombia,2005,1.45319998264313
colombia,2006,1.50940001010895
colombia,2007,1.50999999046326
colombia,2008,1.36199998855591
colombia,2009,1.36000001430511
colombia,2010,1.89999997615814
colombia,2011,1.98759996891022
colombia,2012,2.20000004768372
colombia,2013,2.37700009346008
colombia,2014,2.4449999332428
denmark,1980,0.44999998807907
denmark,1981,0.37099999189377
denmark,1982,0.32707014679909
denmark,1983,0.30820071697235
denmark,1984,0.46544599533081
denmark,1985,0.44657656550407
denmark,1986,0.40254789590836
denmark,1987,0.40254789590836
denmark,1988,0.54092371463776
denmark,1989,0.62898105382919
denmark,1990,0.59124219417572
denmark,1991,0.6164014339447
denmark,1992,0.74848747253418
denmark,1993,0.70445883274078
denmark,1994,0.75477731227875
denmark,1995,0.91202253103256
denmark,1996,0.8617040514946
denmark,1997,0.94347161054611
denmark,1998,0.88057351112366
denmark,1999,0.90573275089264
denmark,2000,1.11329650878906
denmark,2001,1.34601950645447
denmark,2002,1.27683162689209
denmark,2003,1.27683162689209
denmark,2004,1.32715010643005
denmark,2005,1.27683162689209
denmark,2006,1.15732514858246
denmark,2007,1.11329650878906
denmark,2008,0.81138557195663
denmark,2009,0.91831237077713
denmark,2010,0.89944291114807
denmark,2011,0.80509579181671
denmark,2012,0.72961807250977
denmark,2013,0.67300975322723
denmark,2014,0.61011165380478
ecuador,1980,0.97390002012253
ecuador,1981,0.90410000085831
ecuador,1982,0.91399997472763
ecuador,1983,0.88169997930527
ecuador,1984,1.13709998130798
ecuador,1985,1.14800000190735
ecuador,1986,1.23510003089905
ecuador,1987,1.59430003166199
ecuador,1988,1.51489996910095
ecuador,1989,1.44159996509552
ecuador,1990,1.35520005226135
ecuador,1991,1.52439999580383
ecuador,1992,3.24000000953674
ecuador,1993,3.65980005264282
ecuador,1994,3.49119997024536
ecuador,1995,3.38529992103577
ecuador,1996,3.45300006866455
ecuador,1997,3.67400002479553
ecuador,1998,4.10200023651123
ecuador,1999,4.42799997329712
ecuador,2000,4.56599998474121
ecuador,2001,4.63000011444092
ecuador,2002,5.05999994277954
ecuador,2003,5.05999994277954
ecuador,2004,5.05999994277954
ecuador,2005,4.8658299446106
ecuador,2006,4.46493005752563
ecuador,2007,4.00099992752075
ecuador,2008,6.51800012588501
ecuador,2009,6.33298015594482
ecuador,2010,6.15780019760132
ecuador,2011,7.21000003814697
ecuador,2012,8.38302993774414
ecuador,2013,8.19093990325928
ecuador,2014,7.99956035614014
egypt,1980,2.91645002365112
egypt,1981,3.53029990196228
egypt,1982,3.69962501525879
egypt,1983,3.95859909057617
egypt,1984,4.02559995651245
egypt,1985,3.79999995231628
egypt,1986,4.5
egypt,1987,4.68499994277954
egypt,1988,4.27050018310547
egypt,1989,4.30000019073486
egypt,1990,3.45900011062622
egypt,1991,3.5353000164032
egypt,1992,3.43499994277954
egypt,1993,3.42499995231628
egypt,1994,3.94099998474121
egypt,1995,3.80399990081787
egypt,1996,3.84349989891052
egypt,1997,3.71900010108948
egypt,1998,3.75670003890991
egypt,1999,3.76699995994568
egypt,2000,3.62689995765686
egypt,2001,3.66799998283386
egypt,2002,3.52500009536743
egypt,2003,3.52500009536743
egypt,2004,3.61999988555908
egypt,2005,3.72000002861023
egypt,2006,3.72000002861023
egypt,2007,4.07000017166138
egypt,2008,4.19999980926514
egypt,2009,4.40000009536743
egypt,2010,4.5
egypt,2011,4.30000019073486
egypt,2012,4.19999980926514
egypt,2013,3.90000009536743
egypt,2014,3.59999990463257
equatorial_guinea,1980,0.0
equatorial_guinea,1981,0.0
equatorial_guinea,1982,0.0
equatorial_guinea,1983,0.0
equatorial_guinea,1984,0.0
equatorial_guinea,1985,0.0
equatorial_guinea,1986,0.0
equatorial_guinea,1987,0.0
equatorial_guinea,1988,0.0
equatorial_guinea,1989,0.0
equatorial_guinea,1990,0.0
equatorial_guinea,1991,0.30000001192093
equatorial_guinea,1992,0.30000001192093
equatorial_guinea,1993,0.30000001192093
equatorial_guinea,1994,0.30000001192093
equatorial_guinea,1995,0.55500000715256
equatorial_guinea,1996,0.55500000715256
equatorial_guinea,1997,0.55500000715256
equatorial_guinea,1998,0.55500000715256
equatorial_guinea,1999,0.55500000715256
equatorial_guinea,2000,0.80000001192093
equatorial_guinea,2001,1.11000001430511
equatorial_guinea,2002,1.09500002861023
equatorial_guinea,2003,1.27999997138977
equatorial_guinea,2004,1.76499998569489
equatorial_guinea,2005,1.80499994754791
equatorial_guinea,2006,1.75499999523163
equatorial_guinea,2007,1.70500004291534
equatorial_guinea,2008,1.70500004291534
equatorial_guinea,2009,1.70500004291534
equatorial_guinea,2010,1.70500004291534
equatorial_guinea,2011,1.70500004291534
equatorial_guinea,2012,1.70500004291534
equatorial_guinea,2013,1.70500004291534
equatorial_guinea,2014,1.10000002384186
gabon,1980,0.47092500329018
gabon,1981,0.46348801255226
gabon,1982,0.48178499937057
gabon,1983,0.54729998111725
gabon,1984,0.62300002574921
gabon,1985,0.65700000524521
gabon,1986,0.64600002765656
gabon,1987,0.95999997854233
gabon,1988,0.93000000715256
gabon,1989,0.95859998464584
gabon,1990,0.86000001430511
gabon,1991,0.8759999871254
gabon,1992,0.76840001344681
gabon,1993,0.66200000047684
gabon,1994,1.39999997615814
gabon,1995,1.47000002861023
gabon,1996,2.79999995231628
gabon,1997,2.67230010032654
gabon,1998,2.56500005722046
gabon,1999,2.56500005722046
gabon,2000,2.42000007629395
gabon,2001,2.40000009536743
gabon,2002,2.36999988555908
gabon,2003,2.28500008583069
gabon,2004,2.19000005722046
gabon,2005,2.14599990844727
gabon,2006,2.15000009536743
gabon,2007,2.0
gabon,2008,2.0
gabon,2009,2.0
gabon,2010,2.0
gabon,2011,2.0
gabon,2012,2.0
gabon,2013,2.0
gabon,2014,2.0
india,1980,2.75695896148682
india,1981,3.48239994049072
india,1982,3.50469994544983
india,1983,3.61999988555908
india,1984,3.75999999046326
india,1985,3.761310338974
india,1986,4.63500022888184
india,1987,4.41559982299805
india,1988,4.46350002288818
india,1989,4.34539985656738
india,1990,5.56316423416138
india,1991,6.12559986114502
india,1992,5.90999984741211
india,1993,5.8600001335144
india,1994,5.80730009078979
india,1995,5.50977611541748
india,1996,5.48696041107178
india,1997,5.62543725967407
india,1998,5.39426612854004
india,1999,4.97220945358276
india,2000,5.28990030288696
india,2001,5.51346588134766
india,2002,5.57634162902832
india,2003,5.73115825653076
india,2004,5.56527233123779
india,2005,5.9188814163208
india,2006,5.69267988204956
india,2007,5.45924997329712
india,2008,5.79809999465942
india,2009,5.82287359237671
india,2010,5.83318996429443
india,2011,5.7035231590271
india,2012,5.71971273422241
india,2013,5.71103048324585
india,2014,5.74340963363647
indonesia,1980,11.6029996871948
indonesia,1981,11.0179996490478
indonesia,1982,10.5340003967285
indonesia,1983,10.079999923706
indonesia,1984,9.61100006103516
indonesia,1985,9.18000030517578
indonesia,1986,9.0
indonesia,1987,9.0
indonesia,1988,9.0
indonesia,1989,5.11399984359741
indonesia,1990,5.41499996185303
indonesia,1991,5.90899991989136
indonesia,1992,5.59800004959106
indonesia,1993,5.16699981689453
indonesia,1994,4.98000001907349
indonesia,1995,4.98000001907349
indonesia,1996,4.73000001907349
indonesia,1997,4.86999988555908
indonesia,1998,5.09999990463257
indonesia,1999,5.19999980926514
indonesia,2000,5.11999988555908
indonesia,2001,5.09999990463257
indonesia,2002,4.71999979019165
indonesia,2003,4.73000001907349
indonesia,2004,4.30000019073486
indonesia,2005,4.19000005722046
indonesia,2006,4.36999988555908
indonesia,2007,3.98873996734619
indonesia,2008,3.74749994277954
indonesia,2009,4.30299997329712
indonesia,2010,4.23000001907349
indonesia,2011,3.74132990837097
indonesia,2012,3.74132990837097
indonesia,2013,3.69250011444092
indonesia,2014,3.69250011444092
iran,1980,58.2960014343261
iran,1981,57.0200004577636
iran,1982,56.1479988098144
iran,1983,55.2569999694824
iran,1984,58.8740005493164
iran,1985,59.0
iran,1986,92.8600006103515
iran,1987,92.8600006103515
iran,1988,92.8600006103515
iran,1989,92.8600006103515
iran,1990,92.849998474121
iran,1991,92.8600006103515
iran,1992,92.8600006103515
iran,1993,92.8600006103515
iran,1994,94.3000030517578
iran,1995,93.6999969482421
iran,1996,92.599998474121
iran,1997,92.599998474121
iran,1998,93.6999969482421
iran,1999,93.099998474121
iran,2000,99.5299987792968
iran,2001,99.0800018310546
iran,2002,130.690002441406
iran,2003,133.25
iran,2004,132.740005493164
iran,2005,137.490005493164
iran,2006,138.399993896484
iran,2007,138.220001220703
iran,2008,137.619995117187
iran,2009,137.009994506835
iran,2010,151.169998168945
iran,2011,154.580001831054
iran,2012,157.300003051757
iran,2013,157.800003051757
iran,2014,157.800003051757
iraq,1980,30.0
iraq,1981,32.0
iraq,1982,59.0
iraq,1983,65.0
iraq,1984,65.0
iraq,1985,65.0
iraq,1986,72.0
iraq,1987,100.0
iraq,1988,100.0
iraq,1989,100.0
iraq,1990,100.0
iraq,1991,100.0
iraq,1992,100.0
iraq,1993,100.0
iraq,1994,100.0
iraq,1995,100.0
iraq,1996,112.0
iraq,1997,112.5
iraq,1998,112.5
iraq,1999,112.5
iraq,2000,112.5
iraq,2001,115.0
iraq,2002,115.0
iraq,2003,115.0
iraq,2004,115.0
iraq,2005,115.0
iraq,2006,115.0
iraq,2007,115.0
iraq,2008,115.0
iraq,2009,115.0
iraq,2010,115.0
iraq,2011,143.100006103515
iraq,2012,150.0
iraq,2013,150.0
iraq,2014,150.0
italy,1980,0.37845000624657
italy,1981,0.37845000624657
italy,1982,0.41629499197006
italy,1983,0.43143299221992
italy,1984,0.62065798044205
italy,1985,0.63579601049423
italy,1986,0.64336502552032
italy,1987,0.6812099814415
italy,1988,0.8023139834404
italy,1989,0.76446902751923
italy,1990,0.76446902751923
italy,1991,0.82502102851868
italy,1992,0.64336502552032
italy,1993,0.64336502552032
italy,1994,0.75690001249313
italy,1995,0.77203798294067
italy,1996,0.75690001249313
italy,1997,0.64336502552032
italy,1998,0.63579601049423
italy,1999,0.63579601049423
italy,2000,0.59795099496841
italy,2001,0.56767499446869
italy,2002,0.55409622192383
italy,2003,0.50510966777802
italy,2004,0.46270054578781
italy,2005,0.45968049764633
italy,2006,0.4504841864109
italy,2007,0.45647883415222
italy,2008,0.46952021121979
italy,2009,0.52799832820892
italy,2010,0.57975512742996
italy,2011,0.57768124341965
italy,2012,0.62114995718002
italy,2013,0.60343849658966
italy,2014,0.64190417528152
kazakhstan,1991,5.18699979782104
kazakhstan,1992,5.18699979782104
kazakhstan,1993,5.18699979782104
kazakhstan,1994,5.31799983978271
kazakhstan,1995,5.31799983978271
kazakhstan,1996,5.31799983978271
kazakhstan,1997,5.31799983978271
kazakhstan,1998,5.40000009536743
kazakhstan,1999,5.40000009536743
kazakhstan,2000,5.40000009536743
kazakhstan,2001,5.40000009536743
kazakhstan,2002,5.40000009536743
kazakhstan,2003,9.0
kazakhstan,2004,9.0
kazakhstan,2005,9.0
kazakhstan,2006,9.0
kazakhstan,2007,30.0
kazakhstan,2008,30.0
kazakhstan,2009,30.0
kazakhstan,2010,30.0
kazakhstan,2011,30.0
kazakhstan,2012,30.0
kazakhstan,2013,30.0
kazakhstan,2014,30.0
kuwait,1980,67.9300003051757
kuwait,1981,67.7300033569335
kuwait,1982,67.1500015258789
kuwait,1983,67.0
kuwait,1984,92.7099990844726
kuwait,1985,92.463996887207
kuwait,1986,94.5220031738281
kuwait,1987,94.5250015258789
kuwait,1988,94.5250015258789
kuwait,1989,97.125
kuwait,1990,97.0250015258789
kuwait,1991,96.5
kuwait,1992,96.5
kuwait,1993,96.5
kuwait,1994,96.5
kuwait,1995,96.5
kuwait,1996,96.5
kuwait,1997,96.5
kuwait,1998,96.5
kuwait,1999,96.5
kuwait,2000,96.5
kuwait,2001,96.5
kuwait,2002,96.5
kuwait,2003,99.0
kuwait,2004,101.5
kuwait,2005,101.5
kuwait,2006,101.5
kuwait,2007,101.5
kuwait,2008,101.5
kuwait,2009,101.5
kuwait,2010,101.5
kuwait,2011,101.5
kuwait,2012,101.5
kuwait,2013,101.5
kuwait,2014,101.5
libya,1980,20.329999923706
libya,1981,22.6000003814697
libya,1982,22.1860008239746
libya,1983,21.7840003967285
libya,1984,21.4249992370605
libya,1985,21.2999992370605
libya,1986,22.7999992370605
libya,1987,22.7999992370605
libya,1988,22.7999992370605
libya,1989,22.7999992370605
libya,1990,22.7999992370605
libya,1991,22.7999992370605
libya,1992,22.7999992370605
libya,1993,22.7999992370605
libya,1994,22.7999992370605
libya,1995,29.5
libya,1996,29.5
libya,1997,29.5
libya,1998,29.5
libya,1999,29.5
libya,2000,36.0
libya,2001,36.0
libya,2002,36.0
libya,2003,39.1259994506835
libya,2004,39.1259994506835
libya,2005,41.4640007019043
libya,2006,41.4640007019043
libya,2007,43.6629981994628
libya,2008,44.2709999084472
libya,2009,46.4220008850097
libya,2010,47.0970001220703
libya,2011,48.0139999389648
libya,2012,48.4720001220703
libya,2013,48.3629989624023
libya,2014,48.3629989624023
malaysia,1980,1.79999995231628
malaysia,1981,2.29500007629395
malaysia,1982,2.5699999332428
malaysia,1983,2.5699999332428
malaysia,1984,2.90000009536743
malaysia,1985,3.5
malaysia,1986,3.52999997138977
malaysia,1987,3.32399988174438
malaysia,1988,3.37899994850159
malaysia,1989,3.67449998855591
malaysia,1990,3.55999994277954
malaysia,1991,3.70000004768372
malaysia,1992,5.09000015258789
malaysia,1993,4.96000003814697
malaysia,1994,5.19999980926514
malaysia,1995,5.19999980926514
malaysia,1996,4.96099996566772
malaysia,1997,4.97599983215332
malaysia,1998,4.65000009536743
malaysia,1999,5.02899980545044
malaysia,2000,4.53000020980835
malaysia,2001,4.45699977874756
malaysia,2002,4.53999996185303
malaysia,2003,4.84000015258789
malaysia,2004,5.15999984741211
malaysia,2005,5.2519998550415
malaysia,2006,5.35699987411499
malaysia,2007,5.46000003814697
malaysia,2008,5.51999998092651
malaysia,2009,3.57200002670288
malaysia,2010,3.73900008201599
malaysia,2011,3.73900008201599
malaysia,2012,3.66799998283386
malaysia,2013,3.75
malaysia,2014,3.75
mexico,1980,47.2239990234375
mexico,1981,56.9980010986328
mexico,1982,56.9980010986328
mexico,1983,57.0960006713867
mexico,1984,56.4099998474121
mexico,1985,55.5929985046386
mexico,1986,54.8800010681152
mexico,1987,54.1100006103515
mexico,1988,53.0120010375976
mexico,1989,51.9830017089843
mexico,1990,51.2980003356933
mexico,1991,50.9249992370605
mexico,1992,51.224998474121
mexico,1993,50.7760009765625
mexico,1994,49.7750015258789
mexico,1995,48.7960014343261
mexico,1996,48.4720001220703
mexico,1997,47.8219985961914
mexico,1998,21.6380004882812
mexico,1999,21.5189990997314
mexico,2000,20.1860008239746
mexico,2001,18.7670001983642
mexico,2002,17.1959991455078
mexico,2003,16.0410003662109
mexico,2004,14.8027002811431
mexico,2005,13.6696996688842
mexico,2006,12.8496000766754
mexico,2007,12.1865998506546
mexico,2008,11.8654996156692
mexico,2009,11.8655004501342
mexico,2010,11.6912997961044
mexico,2011,11.3937003612518
mexico,2012,11.4239003658294
mexico,2013,11.0788004398346
mexico,2014,11.0788004398346
nigeria,1980,16.7000007629394
nigeria,1981,16.5
nigeria,1982,16.75
nigeria,1983,16.5499992370605
nigeria,1984,16.6499996185302
nigeria,1985,16.6000003814697
nigeria,1986,16.0659999847412
nigeria,1987,15.9799995422363
nigeria,1988,16.0
nigeria,1989,16.0
nigeria,1990,17.1000003814697
nigeria,1991,20.0
nigeria,1992,20.9909992218017
nigeria,1993,20.9909992218017
nigeria,1994,20.9909992218017
nigeria,1995,20.8279991149902
nigeria,1996,20.8279991149902
nigeria,1997,20.8279991149902
nigeria,1998,22.5
nigeria,1999,29.0
nigeria,2000,29.0
nigeria,2001,31.5060005187988
nigeria,2002,34.3489990234375
nigeria,2003,35.2550010681152
nigeria,2004,35.8759994506835
nigeria,2005,36.2200012207031
nigeria,2006,37.2000007629394
nigeria,2007,37.2000007629394
nigeria,2008,37.2000007629394
nigeria,2009,37.2000007629394
nigeria,2010,37.2000007629394
nigeria,2011,37.2000007629394
nigeria,2012,37.1389999389648
nigeria,2013,37.0699996948242
nigeria,2014,37.0699996948242
norway,1980,3.95206159353256
norway,1981,3.95495975017548
norway,1982,3.81658375263214
norway,1983,4.88701111078262
norway,1984,4.96190878748894
norway,1985,5.90266060829163
norway,1986,6.49335521459579
norway,1987,6.63608461618423
norway,1988,8.1564689874649
norway,1989,8.42163509130478
norway,1990,8.63057267665863
norway,1991,8.81108355522156
norway,1992,9.74274981021881
norway,1993,9.56606692075729
norway,1994,9.70444250106812
norway,1995,10.8043905496597
norway,1996,11.6822164058685
norway,1997,12.0408217906951
norway,1998,11.6630255281925
norway,1999,10.9379587173461
norway,2000,11.3662450909614
norway,2001,11.5969709157943
norway,2002,10.4481682181358
norway,2003,10.1490693688392
norway,2004,9.72194170951843
norway,2005,9.68808847665787
norway,2006,8.54574728012085
norway,2007,8.16835850477219
norway,2008,7.49079781770706
norway,2009,7.07769900560379
norway,2010,6.8039922118187
norway,2011,6.88333687186241
norway,2012,7.49460355937481
norway,2013,7.04748958349228
norway,2014,6.53922390937805
oman,1980,2.48399996757507
oman,1981,2.94199991226196
oman,1982,3.40000009536743
oman,1983,3.5
oman,1984,3.90000009536743
oman,1985,4.06699991226196
oman,1986,4.03700017929077
oman,1987,4.10519981384277
oman,1988,4.14200019836426
oman,1989,4.29090023040771
oman,1990,4.35300016403198
oman,1991,4.34999990463257
oman,1992,4.73999977111816
oman,1993,5.0
oman,1994,5.09999990463257
oman,1995,5.19999980926514
oman,1996,5.30000019073486
oman,1997,5.39900016784668
oman,1998,5.40000009536743
oman,1999,5.74399995803833
oman,2000,5.84800004959106
oman,2001,5.90000009536743
oman,2002,5.70599985122681
oman,2003,5.57200002670288
oman,2004,5.57200002670288
oman,2005,5.57200002670288
oman,2006,5.57200002670288
oman,2007,5.57200002670288
oman,2008,5.57200002670288
oman,2009,5.5
oman,2010,5.5
oman,2011,5.5
oman,2012,5.5
oman,2013,4.97429990768433
oman,2014,5.15100002288818
other_africa,1980,0.55811001000984
other_africa,1981,0.57553900487255
other_africa,1982,0.65024500258733
other_africa,1983,0.7100739946618
other_africa,1984,0.98255002356018
other_africa,1985,1.00638334310497
other_africa,1986,0.98175664973678
other_africa,1987,0.95458000607323
other_africa,1988,0.95625333359931
other_africa,1989,0.9079266715562
other_africa,1990,0.88870998854327
other_africa,1991,0.81188233206558
other_africa,1992,0.75818068183071
other_africa,1993,0.63447301635097
other_africa,1994,0.58164601224053
other_africa,1995,0.66522801450265
other_africa,1996,0.67073800942671
other_africa,1997,0.69348600266312
other_africa,1998,0.69948601482247
other_africa,1999,0.6984239977719
other_africa,2000,0.67832001686838
other_africa,2001,0.61463800460842
other_africa,2002,0.56943800281078
other_africa,2003,0.55443800221474
other_africa,2004,0.56313801537544
other_africa,2005,0.54289700921436
other_africa,2006,0.65142600312174
other_africa,2007,0.65637401501226
other_africa,2008,0.65629001501293
other_africa,2009,0.61919001284332
other_africa,2010,2.26412203941072
other_africa,2011,2.18412203747357
other_africa,2012,3.68411203747382
other_africa,2013,3.68411203747382
other_africa,2014,3.68411203747382
other_asia_pacific,1980,0.99311000946909
other_asia_pacific,1981,1.08805998135358
other_asia_pacific,1982,1.0836200164631
other_asia_pacific,1983,1.10979197360575
other_asia_pacific,1984,1.10025797411799
other_asia_pacific,1985,1.16999997757375
other_asia_pacific,1986,0.67879999335855
other_asia_pacific,1987,0.67049999249866
other_asia_pacific,1988,0.97569998720428
other_asia_pacific,1989,0.94550001475727
other_asia_pacific,1990,1.00519999949029
other_asia_pacific,1991,0.91326799098169
other_asia_pacific,1992,0.86678001680411
other_asia_pacific,1993,1.08947300072759
other_asia_pacific,1994,1.08278298657388
other_asia_pacific,1995,1.07281398912892
other_asia_pacific,1996,1.33140902360901
other_asia_pacific,1997,1.1969550116919
other_asia_pacific,1998,1.33985798759386
other_asia_pacific,1999,1.41710700793192
other_asia_pacific,2000,1.3076119790785
other_asia_pacific,2001,1.24699968053028
other_asia_pacific,2002,1.11394998012111
other_asia_pacific,2003,1.42883989191614
other_asia_pacific,2004,1.45129444007762
other_asia_pacific,2005,1.4155132882297
other_asia_pacific,2006,1.39079109719023
other_asia_pacific,2007,1.26804594532223
other_asia_pacific,2008,1.25946450384436
other_asia_pacific,2009,1.12290214385939
other_asia_pacific,2010,1.10744243890986
other_asia_pacific,2011,1.11043998162495
other_asia_pacific,2012,1.07779627895798
other_asia_pacific,2013,1.12394853954902
other_asia_pacific,2014,1.08283544663573
other_europe_eurasia,1980,69.2702696067863
other_europe_eurasia,1981,65.183703821036
other_europe_eurasia,1982,65.3481535314349
other_europe_eurasia,1983,65.2515172412386
other_europe_eurasia,1984,65.2029188080923
other_europe_eurasia,1985,65.2495432345895
other_europe_eurasia,1986,63.2827667806996
other_europe_eurasia,1987,61.1630639763898
other_europe_eurasia,1988,61.240227582748
other_europe_eurasia,1989,60.5408371257362
other_europe_eurasia,1990,60.3848424274474
other_europe_eurasia,1991,2.6211714715464
other_europe_eurasia,1992,2.44540502305608
other_europe_eurasia,1993,2.38004647992057
other_europe_eurasia,1994,2.27378250169568
other_europe_eurasia,1995,2.23010329878889
other_europe_eurasia,1996,2.35354225005722
other_europe_eurasia,1997,2.19746200507507
other_europe_eurasia,1998,2.14646392781287
other_europe_eurasia,1999,2.29086860606913
other_europe_eurasia,2000,2.32118995417841
other_europe_eurasia,2001,2.22458791523241
other_europe_eurasia,2002,2.22519155894406
other_europe_eurasia,2003,2.33759073237889
other_europe_eurasia,2004,2.23928307951428
other_europe_eurasia,2005,2.19483984704129
other_europe_eurasia,2006,2.15980814257637
other_europe_eurasia,2007,2.14415580034256
other_europe_eurasia,2008,2.12363556062337
other_europe_eurasia,2009,2.2988927239785
other_europe_eurasia,2010,2.19734717404936
other_europe_eurasia,2011,2.21061251754873
other_europe_eurasia,2012,2.10732751036994
other_europe_eurasia,2013,1.99964352394454
other_europe_eurasia,2014,1.97638752008788
other_middle_east,1980,0.22405899863224
other_middle_east,1981,0.20714699360542
other_middle_east,1982,0.19102199695772
other_middle_east,1983,0.18580000236398
other_middle_east,1984,0.17374999297317
other_middle_east,1985,0.18071000714554
other_middle_east,1986,0.14170000259764
other_middle_east,1987,0.1267000020016
other_middle_east,1988,0.11361900344491
other_middle_east,1989,0.09848300286103
other_middle_east,1990,0.0714000002481
other_middle_east,1991,0.07128900033422
other_middle_east,1992,0.05941800167784
other_middle_east,1993,0.06035100168083
other_middle_east,1994,0.05219499935629
other_middle_east,1995,0.11390699824551
other_middle_east,1996,0.2152899937355
other_middle_east,1997,0.2143299934105
other_middle_east,1998,0.16422999656061
other_middle_east,1999,0.15291000215802
other_middle_east,2000,0.15287000220269
other_middle_east,2001,0.12928999844007
other_middle_east,2002,0.12925999844447
other_middle_east,2003,0.12933999847155
other_middle_east,2004,0.12755999865476
other_middle_east,2005,0.12755999865476
other_middle_east,2006,0.12751999858301
other_middle_east,2007,0.12749999854714
other_middle_east,2008,0.12749999854714
other_middle_east,2009,0.3090399922803
other_middle_east,2010,0.27693998906761
other_middle_east,2011,0.65179999906104
other_middle_east,2012,0.27929999760818
other_middle_east,2013,0.26068499952089
other_middle_east,2014,0.23925299744587
other_s_cent_america,1980,0.71369599917671
other_s_cent_america,1981,0.75824402627768
other_s_cent_america,1982,0.82516201917315
other_s_cent_america,1983,0.47531000629533
other_s_cent_america,1984,0.43992600694764
other_s_cent_america,1985,0.43539999666973
other_s_cent_america,1986,0.42900000215741
other_s_cent_america,1987,0.61611999152228
other_s_cent_america,1988,0.60820000059903
other_s_cent_america,1989,0.6399899837561
other_s_cent_america,1990,0.61718300171196
other_s_cent_america,1991,0.60253700660542
other_s_cent_america,1992,0.63459201063961
other_s_cent_america,1993,0.86120102391578
other_s_cent_america,1994,0.95752401766367
other_s_cent_america,1995,0.99892100133002
other_s_cent_america,1996,1.04503102554008
other_s_cent_america,1997,1.06511302525178
other_s_cent_america,1998,1.07845301413909
other_s_cent_america,1999,1.27735599433072
other_s_cent_america,2000,1.32740800036117
other_s_cent_america,2001,1.37060800613835
other_s_cent_america,2002,1.62599999876693
other_s_cent_america,2003,1.47280900948681
other_s_cent_america,2004,1.46820900333114
other_s_cent_america,2005,1.47020001010969
other_s_cent_america,2006,0.84415199956857
other_s_cent_america,2007,0.82049999758601
other_s_cent_america,2008,0.8120699969586
other_s_cent_america,2009,0.7692590059014
other_s_cent_america,2010,0.76835900556762
other_s_cent_america,2011,0.50672900187783
other_s_cent_america,2012,0.51152900862508
other_s_cent_america,2013,0.5278100061696
other_s_cent_america,2014,0.5239690055605
peru,1980,0.62844502925873
peru,1981,0.88203698396683
peru,1982,0.77514499425888
peru,1983,0.69632399082184
peru,1984,0.67044597864151
peru,1985,0.58899998664856
peru,1986,0.53579998016357
peru,1987,0.48039999604225
peru,1988,0.85299998521805
peru,1989,0.84700000286102
peru,1990,0.8231999874115
peru,1991,0.82179999351501
peru,1992,0.80260002613068
peru,1993,0.79946702718735
peru,1994,0.83089202642441
peru,1995,0.808109998703
peru,1996,0.77352100610733
peru,1997,0.75840997695923
peru,1998,0.93738299608231
peru,1999,0.89060002565384
peru,2000,0.90561997890472
peru,2001,0.97937601804733
peru,2002,0.95289099216461
peru,2003,0.92955297231674
peru,2004,1.09730303287506
peru,2005,1.07825803756714
peru,2006,1.09728801250458
peru,2007,1.12147998809814
peru,2008,1.12147998809814
peru,2009,1.12147998809814
peru,2010,1.24000000953674
peru,2011,1.20620000362396
peru,2012,1.42270004749298
peru,2013,1.61695200204849
peru,2014,1.61695200204849
qatar,1980,3.58500003814697
qatar,1981,3.45000004768372
qatar,1982,3.42499995231628
qatar,1983,3.32999992370605
qatar,1984,4.5
qatar,1985,4.5
qatar,1986,4.5
qatar,1987,4.5
qatar,1988,4.5
qatar,1989,4.5
qatar,1990,2.99300003051758
qatar,1991,2.99300003051758
qatar,1992,3.12100005149841
qatar,1993,3.12100005149841
qatar,1994,3.5
qatar,1995,3.70000004768372
qatar,1996,3.70000004768372
qatar,1997,12.5000002384185
qatar,1998,13.4854998588562
qatar,1999,13.1027998924255
qatar,2000,16.8666996955871
qatar,2001,16.8361001014709
qatar,2002,27.5956001281738
qatar,2003,27.0157008171081
qatar,2004,26.8648197650909
qatar,2005,27.9101991653442
qatar,2006,27.4361991882324
qatar,2007,27.3230004310607
qatar,2008,26.8330001831054
qatar,2009,25.9069991111755
qatar,2010,24.6840002536773
qatar,2011,23.8999998569488
qatar,2012,25.228999376297
qatar,2013,25.0630006790161
qatar,2014,25.7050006389617
rep_of_congo_brazzaville,1980,0.70543998479843
rep_of_congo_brazzaville,1981,0.73304498195648
rep_of_congo_brazzaville,1982,0.75442498922348
rep_of_congo_brazzaville,1983,0.73834502696991
rep_of_congo_brazzaville,1984,0.79843097925186
rep_of_congo_brazzaville,1985,0.75599998235703
rep_of_congo_brazzaville,1986,0.71969997882843
rep_of_congo_brazzaville,1987,0.69499999284744
rep_of_congo_brazzaville,1988,0.75
rep_of_congo_brazzaville,1989,0.70999997854233
rep_of_congo_brazzaville,1990,0.75449997186661
rep_of_congo_brazzaville,1991,0.69830000400543
rep_of_congo_brazzaville,1992,0.72500002384186
rep_of_congo_brazzaville,1993,0.65049999952316
rep_of_congo_brazzaville,1994,1.41270005702972
rep_of_congo_brazzaville,1995,1.34969997406006
rep_of_congo_brazzaville,1996,1.60000002384186
rep_of_congo_brazzaville,1997,1.61500000953674
rep_of_congo_brazzaville,1998,1.70000004768372
rep_of_congo_brazzaville,1999,1.70000004768372
rep_of_congo_brazzaville,2000,1.64999997615814
rep_of_congo_brazzaville,2001,1.57000005245209
rep_of_congo_brazzaville,2002,1.50591003894806
rep_of_congo_brazzaville,2003,1.50591003894806
rep_of_congo_brazzaville,2004,1.50591003894806
rep_of_congo_brazzaville,2005,1.50590002536774
rep_of_congo_brazzaville,2006,1.60000002384186
rep_of_congo_brazzaville,2007,1.60000002384186
rep_of_congo_brazzaville,2008,1.60000002384186
rep_of_congo_brazzaville,2009,1.60000002384186
rep_of_congo_brazzaville,2010,1.60000002384186
rep_of_congo_brazzaville,2011,1.60000002384186
rep_of_congo_brazzaville,2012,1.60000002384186
rep_of_congo_brazzaville,2013,1.60000002384186
rep_of_congo_brazzaville,2014,1.60000002384186
romania,1980,1.09019303321838
romania,1981,1.00551295280457
romania,1982,0.95925998687744
romania,1983,1.5949399471283
romania,1984,1.51059997081757
romania,1985,1.44200003147125
romania,1986,1.36199998855591
romania,1987,1.28600001335144
romania,1988,1.23099994659424
romania,1989,1.19900000095367
romania,1990,1.51999998092651
romania,1991,1.49100005626678
romania,1992,1.24479997158051
romania,1993,1.00750005245209
romania,1994,1.00039994716644
romania,1995,1.0058000087738
romania,1996,0.98040002584457
romania,1997,0.93129998445511
romania,1998,1.1628999710083
romania,1999,1.22529995441437
romania,2000,1.16989994049072
romania,2001,1.15400004386902
romania,2002,0.50809997320175
romania,2003,0.49380001425743
romania,2004,0.46819999814034
romania,2005,0.45840001106262
romania,2006,0.47769999504089
romania,2007,0.47999998927116
romania,2008,0.47999998927116
romania,2009,0.60000002384186
romania,2010,0.60000002384186
romania,2011,0.60000002384186
romania,2012,0.60000002384186
romania,2013,0.60000002384186
romania,2014,0.60000002384186
russian_federation,1991,116.14926624298
russian_federation,1992,116.14926624298
russian_federation,1993,115.07668018341
russian_federation,1994,115.07668018341
russian_federation,1995,113.607233047485
russian_federation,1996,113.607233047485
russian_federation,1997,113.111996650695
russian_federation,1998,113.111996650695
russian_federation,1999,112.112018585205
russian_federation,2000,112.112018585205
russian_federation,2001,111.295177459716
russian_federation,2002,109.677248001098
russian_federation,2003,107.766699790954
russian_federation,2004,105.463677406311
russian_federation,2005,104.404816627502
russian_federation,2006,104.033726692199
russian_federation,2007,106.42702960968
russian_federation,2008,106.366164207458
russian_federation,2009,105.563954353332
russian_federation,2010,105.80035495758
russian_federation,2011,105.709447860717
russian_federation,2012,105.491588592529
russian_federation,2013,105.016414642333
russian_federation,2014,103.16389465332
saudi_arabia,1980,168.029998779296
saudi_arabia,1981,167.850006103515
saudi_arabia,1982,165.483993530273
saudi_arabia,1983,168.848007202148
saudi_arabia,1984,171.710006713867
saudi_arabia,1985,171.490005493164
saudi_arabia,1986,169.744003295898
saudi_arabia,1987,169.585006713867
saudi_arabia,1988,254.988998413085
saudi_arabia,1989,260.049987792968
saudi_arabia,1990,260.342010498046
saudi_arabia,1991,260.936004638671
saudi_arabia,1992,261.203002929687
saudi_arabia,1993,261.355010986328
saudi_arabia,1994,261.373992919921
saudi_arabia,1995,261.450012207031
saudi_arabia,1996,261.44400024414
saudi_arabia,1997,261.540985107421
saudi_arabia,1998,261.5419921875
saudi_arabia,1999,262.783996582031
saudi_arabia,2000,262.765991210937
saudi_arabia,2001,262.696990966796
saudi_arabia,2002,262.790008544921
saudi_arabia,2003,262.730010986328
saudi_arabia,2004,264.309997558593
saudi_arabia,2005,264.210998535156
saudi_arabia,2006,264.251007080078
saudi_arabia,2007,264.209014892578
saudi_arabia,2008,264.06298828125
saudi_arabia,2009,264.58999633789
saudi_arabia,2010,264.515991210937
saudi_arabia,2011,265.404998779296
saudi_arabia,2012,265.850006103515
saudi_arabia,2013,265.850006103515
saudi_arabia,2014,267.0
south_sudan,1980,0.0
south_sudan,1981,0.0
south_sudan,1982,0.0
south_sudan,1983,0.0
south_sudan,1984,0.0
south_sudan,1985,0.0
south_sudan,1986,0.0
south_sudan,1987,0.0
south_sudan,1988,0.0
south_sudan,1989,0.0
south_sudan,1990,0.0
south_sudan,1991,0.0
south_sudan,1992,0.0
south_sudan,1993,0.0
south_sudan,1994,0.0
south_sudan,1995,0.0
south_sudan,1996,0.0
south_sudan,1997,0.0
south_sudan,1998,0.0
south_sudan,1999,0.0
south_sudan,2000,0.0
south_sudan,2001,0.0
south_sudan,2002,0.0
south_sudan,2003,0.0
south_sudan,2004,0.0
south_sudan,2005,0.0
south_sudan,2006,0.0
south_sudan,2007,0.0
south_sudan,2008,0.0
south_sudan,2009,0.0
south_sudan,2010,0.0
south_sudan,2011,0.0
south_sudan,2012,3.5
south_sudan,2013,3.5
south_sudan,2014,3.5
sudan,1980,0.0
sudan,1981,0.20000000298023
sudan,1982,0.40000000596046
sudan,1983,0.30000001192093
sudan,1984,0.30000001192093
sudan,1985,0.30000001192093
sudan,1986,0.30000001192093
sudan,1987,0.30000001192093
sudan,1988,0.30000001192093
sudan,1989,0.30000001192093
sudan,1990,0.30000001192093
sudan,1991,0.30000001192093
sudan,1992,0.30000001192093
sudan,1993,0.30000001192093
sudan,1994,0.30000001192093
sudan,1995,0.30000001192093
sudan,1996,0.30000001192093
sudan,1997,0.26210001111031
sudan,1998,0.26210001111031
sudan,1999,0.26210001111031
sudan,2000,0.26210001111031
sudan,2001,0.56300002336502
sudan,2002,0.56300002336502
sudan,2003,0.56300002336502
sudan,2004,0.56300002336502
sudan,2005,0.56300002336502
sudan,2006,5.0
sudan,2007,5.0
sudan,2008,5.0
sudan,2009,5.0
sudan,2010,5.0
sudan,2011,5.0
sudan,2012,1.5
sudan,2013,1.5
sudan,2014,1.5
syria,1980,1.45202803611755
syria,1981,1.88999998569489
syria,1982,1.75
syria,1983,1.46000003814697
syria,1984,1.39750003814697
syria,1985,1.53999996185303
syria,1986,1.62000000476837
syria,1987,1.72000002861023
syria,1988,1.79999995231628
syria,1989,2.0
syria,1990,1.87999999523163
syria,1991,3.0
syria,1992,3.0
syria,1993,2.95000004768372
syria,1994,2.65000009536743
syria,1995,2.55839991569519
syria,1996,2.45000004768372
syria,1997,2.34500002861023
syria,1998,2.29999995231628
syria,1999,2.29999995231628
syria,2000,2.32500004768372
syria,2001,2.32500004768372
syria,2002,2.27999997138977
syria,2003,2.39499998092651
syria,2004,3.15899991989136
syria,2005,3.0
syria,2006,3.0
syria,2007,2.5
syria,2008,2.5
syria,2009,2.5
syria,2010,2.5
syria,2011,2.5
syria,2012,2.5
syria,2013,2.5
syria,2014,2.5
thailand,1980,0.00041899998905
thailand,1981,0.01520949974656
thailand,1982,0.02999999932945
thailand,1983,0.02999999932945
thailand,1984,0.05799999833107
thailand,1985,0.1089999973774
thailand,1986,0.10400000214577
thailand,1987,0.10400000214577
thailand,1988,0.10400000214577
thailand,1989,0.23070000112057
thailand,1990,0.26140001416206
thailand,1991,0.21999999880791
thailand,1992,0.17859999835491
thailand,1993,0.21809999644756
thailand,1994,0.23080000281334
thailand,1995,0.29519999027252
thailand,1996,0.24120000004768
thailand,1997,0.29629999399185
thailand,1998,0.38830000162125
thailand,1999,0.35846999287605
thailand,2000,0.51499998569489
thailand,2001,0.58399999141693
thailand,2002,0.69199997186661
thailand,2003,0.5
thailand,2004,0.52730000019073
thailand,2005,0.45300000905991
thailand,2006,0.46099999547005
thailand,2007,0.46099999547005
thailand,2008,0.4539999961853
thailand,2009,0.43500000238419
thailand,2010,0.44200000166893
thailand,2011,0.45327000319958
thailand,2012,0.44882000982761
thailand,2013,0.4617999792099
thailand,2014,0.4617999792099
total_africa,1980,53.4365185314236
total_africa,1981,56.2817722529871
total_africa,1982,58.2707804060773
total_africa,1983,58.0387580266251
total_africa,1984,57.7665799841925
total_africa,1985,57.0373824671551
total_africa,1986,57.9660560114425
total_africa,1987,58.6635788650019
total_africa,1988,58.9967525439569
total_africa,1989,59.0865259695565
total_africa,1990,58.7253095769374
total_africa,1991,60.3715813905982
total_africa,1992,61.0790789464772
total_africa,1993,61.2330712879593
total_africa,1994,65.0080445875464
total_africa,1995,71.9531271808482
total_africa,1996,74.932237146113
total_africa,1997,75.258785245398
total_africa,1998,77.1722865080628
total_africa,1999,84.7195243996502
total_africa,2000,93.0485202634408
total_africa,2001,96.6716388204768
total_africa,2002,101.592346809611
total_africa,2003,106.245248563394
total_africa,2004,107.624746925936
total_africa,2005,111.331799172719
total_africa,2006,116.941427931928
total_africa,2007,119.230372883477
total_africa,2008,119.949290355474
total_africa,2009,122.571191644103
total_africa,2010,124.991122812363
total_africa,2011,125.183123123231
total_africa,2012,130.592111612611
total_africa,2013,130.114110494905
total_africa,2014,129.209110285097
total_asia_pacific,1980,33.9229198869434
total_asia_pacific,1981,35.3075797790661
total_asia_pacific,1982,35.3574923006817
total_asia_pacific,1983,36.3084094598889
total_asia_pacific,1984,37.8240727894008
total_asia_pacific,1985,38.7103226091712
total_asia_pacific,1986,39.458532965742
total_asia_pacific,1987,39.4653751691221
total_asia_pacific,1988,39.6458606533124
total_asia_pacific,1989,34.7306672245613
total_asia_pacific,1990,36.306713462749
total_asia_pacific,1991,36.997752881085
total_asia_pacific,1992,37.5368736276868
total_asia_pacific,1993,38.8342205053195
total_asia_pacific,1994,39.2034383146092
total_asia_pacific,1995,39.1002480401657
total_asia_pacific,1996,38.9929731651209
total_asia_pacific,1997,40.3306556805037
total_asia_pacific,1998,41.989213458728
total_asia_pacific,1999,39.9312036554329
total_asia_pacific,2000,40.076603687834
total_asia_pacific,2001,40.6293361778371
total_asia_pacific,2002,40.6356841581873
total_asia_pacific,2003,40.4651366171892
total_asia_pacific,2004,40.6281271160114
total_asia_pacific,2005,40.7592434398829
total_asia_pacific,2006,40.8504905193112
total_asia_pacific,2007,40.0473951830026
total_asia_pacific,2008,42.4318345800238
total_asia_pacific,2009,40.7792953738207
total_asia_pacific,2010,41.9815119209979
total_asia_pacific,2011,41.9250772700761
total_asia_pacific,2012,42.1613324419304
total_asia_pacific,2013,42.6757074845372
total_asia_pacific,2014,42.6915100324549
total_europe_eurasia,1980,83.5784742278629
total_europe_eurasia,1981,78.7686265221564
total_europe_eurasia,1982,78.3298625050811
total_europe_eurasia,1983,79.4106020083418
total_europe_eurasia,1984,78.7615315421717
total_europe_eurasia,1985,79.3015764503506
total_europe_eurasia,1986,77.5090347145451
total_europe_eurasia,1987,75.3439066740102
total_europe_eurasia,1988,76.2459343102527
total_europe_eurasia,1989,75.3799223470268
total_europe_eurasia,1990,75.9036261159926
total_europe_eurasia,1991,141.925443407963
total_europe_eurasia,1992,142.798073070007
total_europe_eurasia,1993,141.164617114285
total_europe_eurasia,1994,141.162482212064
total_europe_eurasia,1995,141.15188707388
total_europe_eurasia,1996,142.844495755096
total_europe_eurasia,1997,142.65841702884
total_europe_eurasia,1998,142.435255435295
total_europe_eurasia,1999,140.813174869515
total_europe_eurasia,2000,141.123601033585
total_europe_eurasia,2001,140.439930794527
total_europe_eurasia,2002,142.692135776625
total_europe_eurasia,2003,143.951600976986
total_europe_eurasia,2004,140.820452774176
total_europe_eurasia,2005,139.492656958056
total_europe_eurasia,2006,137.611291422043
total_europe_eurasia,2007,160.373319357633
total_europe_eurasia,2008,158.995503306738
total_europe_eurasia,2009,158.015856849611
total_europe_eurasia,2010,157.879892478347
total_europe_eurasia,2011,158.077674400759
total_europe_eurasia,2012,158.27578762616
total_europe_eurasia,2013,157.163996000541
total_europe_eurasia,2014,154.755521912826
total_middle_east,1980,362.411087406682
total_middle_east,1981,365.265155545203
total_middle_east,1982,388.90201600216
total_middle_east,1983,396.920807288435
total_middle_east,1984,430.75525815261
total_middle_east,1985,431.731713940098
total_middle_east,1986,537.127710196422
total_middle_east,1987,566.576912003802
total_middle_east,1988,653.034623060375
total_middle_east,1989,661.029374993522
total_middle_east,1990,659.614409162197
total_middle_east,1991,660.820292649092
total_middle_east,1992,661.593419828917
total_middle_east,1993,661.932361113489
total_middle_east,1994,663.562189386982
total_middle_east,1995,663.308314342109
total_middle_east,1996,673.995291991683
total_middle_east,1997,683.228317057772
total_middle_east,1998,685.241722114442
total_middle_east,1999,685.83370793669
total_middle_east,2000,696.688562932424
total_middle_east,2001,698.667386187938
total_middle_east,2002,741.345874006394
total_middle_east,2003,745.742054765927
total_middle_east,2004,750.073385813855
total_middle_east,2005,755.531466344022
total_middle_east,2006,755.866723213228
total_middle_east,2007,754.921519697643
total_middle_east,2008,753.685486734844
total_middle_east,2009,753.11603299994
total_middle_east,2010,765.946932674385
total_middle_east,2011,797.936809621634
total_middle_east,2012,808.958311580936
total_middle_east,2013,808.747997793252
total_middle_east,2014,810.695259762811
total_north_america,1980,123.284520983695
total_north_america,1981,133.667335629463
total_north_america,1982,132.389097809791
total_north_america,1983,133.223262071609
total_north_america,1984,133.030765891075
total_north_america,1985,132.892037391662
total_north_america,1986,131.0360019207
total_north_america,1987,130.714263916015
total_north_america,1988,129.542761325836
total_north_america,1989,127.548703670501
total_north_america,1990,125.431837797164
total_north_america,1991,123.169358491897
total_north_america,1992,122.054989576339
total_north_america,1993,120.450723171234
total_north_america,1994,127.551208138465
total_north_america,1995,126.912556648254
total_north_america,1996,127.254626274108
total_north_america,1997,127.144091010093
total_north_america,1998,100.01908993721
total_north_america,1999,232.750444889068
total_north_america,2000,232.07969713211
total_north_america,2001,230.146954417228
total_north_america,2002,228.267012357711
total_north_america,2003,225.29395198822
total_north_america,2004,223.677741527557
total_north_america,2005,223.635814547538
total_north_america,2006,221.65555524826
total_north_america,2007,221.480629563331
total_north_america,2008,216.611419677734
total_north_america,2009,218.076944231987
total_north_america,2010,221.585499882698
total_north_america,2011,225.32932460308
total_north_america,2012,229.161000728607
total_north_america,2013,232.459111332893
total_north_america,2014,232.459111332893
total_s_cent_america,1980,26.7420086822821
total_s_cent_america,1981,27.1808746939641
total_s_cent_america,1982,32.3253458398976
total_s_cent_america,1983,33.4199355031596
total_s_cent_america,1984,36.3104818846331
total_s_cent_america,1985,62.8864586228446
total_s_cent_america,1986,64.5763149082777
total_s_cent_america,1987,68.1180789279751
total_s_cent_america,1988,69.2401381004601
total_s_cent_america,1989,69.4947278616018
total_s_cent_america,1990,71.5248110014945
total_s_cent_america,1991,74.5565426056273
total_s_cent_america,1992,78.7632743855938
total_s_cent_america,1993,80.6839123724494
total_s_cent_america,1994,81.4826898139435
total_s_cent_america,1995,83.7392445448786
total_s_cent_america,1996,90.7403646851889
total_s_cent_america,1997,93.4390457444824
total_s_cent_america,1998,95.5543772079981
total_s_cent_america,1999,97.7786260501015
total_s_cent_america,2000,97.9081884468905
total_s_cent_america,2001,98.8311345321126
total_s_cent_america,2002,100.327455591876
total_s_cent_america,2003,100.397928349906
total_s_cent_america,2004,103.362153721274
total_s_cent_america,2005,103.635013446677
total_s_cent_america,2006,110.802329186117
total_s_cent_america,2007,122.940829079598
total_s_cent_america,2008,198.288276597624
total_s_cent_america,2009,236.97389003646
total_s_cent_america,2010,324.167640686151
total_s_cent_america,2011,326.886417801259
total_s_cent_america,2012,328.750690440414
total_s_cent_america,2013,329.815017967252
total_s_cent_america,2014,330.247147749876
total_world,1980,683.37552971889
total_world,1981,696.47134442284
total_world,1982,725.57459486369
total_world,1983,737.32177435806
total_world,1984,774.448690244083
total_world,1985,802.559491481282
total_world,1986,907.673650717129
total_world,1987,938.882115555927
total_world,1988,1026.70606999419
total_world,1989,1027.26992206677
total_world,1990,1027.50670711653
total_world,1991,1097.84097142626
total_world,1992,1103.82570943502
total_world,1993,1104.29890556473
total_world,1994,1117.97005245361
total_world,1995,1126.16537783013
total_world,1996,1148.75998901731
total_world,1997,1162.05931176709
total_world,1998,1142.41194466173
total_world,1999,1281.82668180045
total_world,2000,1300.92517349628
total_world,2001,1305.38638093012
total_world,2002,1354.8605087004
total_world,2003,1362.09592126162
total_world,2004,1366.18660787881
total_world,2005,1374.38599390889
total_world,2006,1383.72781752088
total_world,2007,1418.99406576468
total_world,2008,1489.96181125244
total_world,2009,1529.53321113592
total_world,2010,1636.55260045494
total_world,2011,1675.33842682004
total_world,2012,1697.89923443066
total_world,2013,1700.97594107338
total_world,2014,1700.05766107595
trinidad_tobago,1980,0.57099997997284
trinidad_tobago,1981,0.57099997997284
trinidad_tobago,1982,0.63300001621246
trinidad_tobago,1983,0.54000002145767
trinidad_tobago,1984,0.56999999284744
trinidad_tobago,1985,0.61199998855591
trinidad_tobago,1986,0.56400001049042
trinidad_tobago,1987,0.61949998140335
trinidad_tobago,1988,0.6129999756813
trinidad_tobago,1989,0.61860001087189
trinidad_tobago,1990,0.60219997167587
trinidad_tobago,1991,0.57260000705719
trinidad_tobago,1992,0.54100000858307
trinidad_tobago,1993,0.56010001897812
trinidad_tobago,1994,0.56000000238419
trinidad_tobago,1995,0.65659999847412
trinidad_tobago,1996,0.72269999980927
trinidad_tobago,1997,0.70620000362396
trinidad_tobago,1998,0.74006998538971
trinidad_tobago,1999,0.82096999883652
trinidad_tobago,2000,0.85106998682022
trinidad_tobago,2001,0.96007001399994
trinidad_tobago,2002,1.12506997585297
trinidad_tobago,2003,0.89107000827789
trinidad_tobago,2004,0.80899999290705
trinidad_tobago,2005,0.80300001055002
trinidad_tobago,2006,0.7937999740243
trinidad_tobago,2007,0.87099999189377
trinidad_tobago,2008,0.8299999833107
trinidad_tobago,2009,0.8299999833107
trinidad_tobago,2010,0.8299999833107
trinidad_tobago,2011,0.8299999833107
trinidad_tobago,2012,0.8299999833107
trinidad_tobago,2013,0.8299999833107
trinidad_tobago,2014,0.8299999833107
tunisia,1980,2.18059301376343
tunisia,1981,2.49140000343323
tunisia,1982,2.45169997215271
tunisia,1983,2.51543998718262
tunisia,1984,1.81500005722046
tunisia,1985,1.77999997138977
tunisia,1986,1.7525999546051
tunisia,1987,1.72500002384186
tunisia,1988,1.78999996185303
tunisia,1989,1.79999995231628
tunisia,1990,1.73860001564026
tunisia,1991,0.40049999952316
tunisia,1992,0.46750000119209
tunisia,1993,0.36910000443459
tunisia,1994,0.33799999952316
tunisia,1995,0.37700000405312
tunisia,1996,0.34000000357628
tunisia,1997,0.31389999389648
tunisia,1998,0.28999999165535
tunisia,1999,0.30799999833107
tunisia,2000,0.42519998550415
tunisia,2001,0.52600002288818
tunisia,2002,0.5009999871254
tunisia,2003,0.64990001916885
tunisia,2004,0.6807000041008
tunisia,2005,0.56000000238419
tunisia,2006,0.59600001573563
tunisia,2007,0.60100001096725
tunisia,2008,0.57700002193451
tunisia,2009,0.42500001192093
tunisia,2010,0.42500001192093
tunisia,2011,0.42500001192093
tunisia,2012,0.42500001192093
tunisia,2013,0.42500001192093
tunisia,2014,0.42500001192093
turkmenistan,1991,0.5457999706268299
turkmenistan,1992,0.5457999706268299
turkmenistan,1993,0.5457999706268299
turkmenistan,1994,0.5457999706268299
turkmenistan,1995,0.5457999706268299
turkmenistan,1996,0.5457999706268299
turkmenistan,1997,0.5460000038147
turkmenistan,1998,0.5460000038147
turkmenistan,1999,0.5460000038147
turkmenistan,2000,0.5460000038147
turkmenistan,2001,0.5460000038147
turkmenistan,2002,0.5460000038147
turkmenistan,2003,0.5460000038147
turkmenistan,2004,0.5460000038147
turkmenistan,2005,0.5460000038147
turkmenistan,2006,0.60000002384186
turkmenistan,2007,0.60000002384186
turkmenistan,2008,0.60000002384186
turkmenistan,2009,0.60000002384186
turkmenistan,2010,0.60000002384186
turkmenistan,2011,0.60000002384186
turkmenistan,2012,0.60000002384186
turkmenistan,2013,0.60000002384186
turkmenistan,2014,0.60000002384186
united_arab_emirates,1980,30.4099998474121
united_arab_emirates,1981,32.1759986877441
united_arab_emirates,1982,32.3540000915527
united_arab_emirates,1983,32.3400001525878
united_arab_emirates,1984,32.4900016784668
united_arab_emirates,1985,32.9900016784668
united_arab_emirates,1986,97.2030029296875
united_arab_emirates,1987,98.1050033569335
united_arab_emirates,1988,98.1050033569335
united_arab_emirates,1989,98.1050033569335
united_arab_emirates,1990,98.099998474121
united_arab_emirates,1991,98.099998474121
united_arab_emirates,1992,98.099998474121
united_arab_emirates,1993,98.099998474121
united_arab_emirates,1994,98.099998474121
united_arab_emirates,1995,98.099998474121
united_arab_emirates,1996,97.8000030517578
united_arab_emirates,1997,97.8000030517578
united_arab_emirates,1998,97.8000030517578
united_arab_emirates,1999,97.8000030517578
united_arab_emirates,2000,97.8000030517578
united_arab_emirates,2001,97.8000030517578
united_arab_emirates,2002,97.8000030517578
united_arab_emirates,2003,97.8000030517578
united_arab_emirates,2004,97.8000030517578
united_arab_emirates,2005,97.8000030517578
united_arab_emirates,2006,97.8000030517578
united_arab_emirates,2007,97.8000030517578
united_arab_emirates,2008,97.8000030517578
united_arab_emirates,2009,97.8000030517578
united_arab_emirates,2010,97.8000030517578
united_arab_emirates,2011,97.8000030517578
united_arab_emirates,2012,97.8000030517578
united_arab_emirates,2013,97.8000030517578
united_arab_emirates,2014,97.8000030517578
united_kingdom,1980,8.4375
united_kingdom,1981,7.875
united_kingdom,1982,7.46250009536743
united_kingdom,1983,6.9375
united_kingdom,1984,6.0
united_kingdom,1985,5.625
united_kingdom,1986,5.32499980926514
united_kingdom,1987,5.17500019073486
united_kingdom,1988,4.27500009536743
united_kingdom,1989,3.82500004768372
united_kingdom,1990,4.01249980926514
united_kingdom,1991,4.16249990463257
united_kingdom,1992,4.57499980926514
united_kingdom,1993,4.53749990463257
united_kingdom,1994,4.3125
united_kingdom,1995,4.53749990463257
united_kingdom,1996,4.98750019073486
united_kingdom,1997,5.17500019073486
united_kingdom,1998,5.13749980926514
united_kingdom,1999,4.98750019073486
united_kingdom,2000,4.72499990463257
united_kingdom,2001,4.53749990463257
united_kingdom,2002,4.46250009536743
united_kingdom,2003,4.28249979019165
united_kingdom,2004,3.99749994277954
united_kingdom,2005,3.86999988555908
united_kingdom,2006,3.59249997138977
united_kingdom,2007,3.39000010490417
united_kingdom,2008,3.05999994277954
united_kingdom,2009,2.83500003814697
united_kingdom,2010,2.8050000667572
united_kingdom,2011,3.09750008583069
united_kingdom,2012,3.03749990463257
united_kingdom,2013,3.02999997138977
united_kingdom,2014,3.02999997138977
us,1980,36.5330004692077
us,1981,36.4940004348754
us,1982,35.0789999961853
us,1983,35.6360006332397
us,1984,36.0889992713928
us,1985,36.3600001335144
us,1986,35.0539999008178
us,1987,35.403000831604
us,1988,35.0630006790161
us,1989,34.2699995040893
us,1990,33.8399996757507
us,1991,32.1459994316101
us,1992,31.1960010528564
us,1993,30.1790008544921
us,1994,29.6270008087158
us,1995,29.75
us,1996,29.8400001525878
us,1997,30.5189995765686
us,1998,28.5580005645752
us,1999,29.6709995269775
us,2000,30.3900003433227
us,2001,30.4389991760253
us,2002,30.6710000038147
us,2003,29.3500008583068
us,2004,29.2990002632141
us,2005,29.9219999313354
us,2006,29.4440002441406
us,2007,30.4599990844726
us,2008,28.3959999084472
us,2009,30.8719987869262
us,2010,34.9899997711181
us,2011,39.7750005722045
us,2012,44.1799993515014
us,2013,48.4629983901977
us,2014,48.4629983901977
uzbekistan,1991,0.26219999790192
uzbekistan,1992,0.26219999790192
uzbekistan,1993,0.26219999790192
uzbekistan,1994,0.26219999790192
uzbekistan,1995,0.26199999451637
uzbekistan,1996,0.59420001506805
uzbekistan,1997,0.59399998188019
uzbekistan,1998,0.59399998188019
uzbekistan,1999,0.59399998188019
uzbekistan,2000,0.59399998188019
uzbekistan,2001,0.59399998188019
uzbekistan,2002,0.59399998188019
uzbekistan,2003,0.59399998188019
uzbekistan,2004,0.59399998188019
uzbekistan,2005,0.59399998188019
uzbekistan,2006,0.59399998188019
uzbekistan,2007,0.59399998188019
uzbekistan,2008,0.59399998188019
uzbekistan,2009,0.59399998188019
uzbekistan,2010,0.59399998188019
uzbekistan,2011,0.59399998188019
uzbekistan,2012,0.59399998188019
uzbekistan,2013,0.59399998188019
uzbekistan,2014,0.59399998188019
venezuela,1980,19.5300006866455
venezuela,1981,19.8880004882812
venezuela,1982,24.8999996185302
venezuela,1983,25.886999130249
venezuela,1984,28.0279998779296
venezuela,1985,54.4539985656738
venezuela,1986,55.5209999084472
venezuela,1987,58.1010017395019
venezuela,1988,58.5050010681152
venezuela,1989,59.0400009155273
venezuela,1990,60.0540008544921
venezuela,1991,62.648998260498
venezuela,1992,63.3300018310546
venezuela,1993,64.447998046875
venezuela,1994,64.8769989013671
venezuela,1995,66.329002380371
venezuela,1996,72.6669998168945
venezuela,1997,74.9309997558593
venezuela,1998,76.1080017089843
venezuela,1999,76.8479995727539
venezuela,2000,76.8479995727539
venezuela,2001,77.6849975585937
venezuela,2002,77.3069992065429
venezuela,2003,77.2259979248046
venezuela,2004,79.7289962768554
venezuela,2005,80.0120010375976
venezuela,2006,87.32399892807
venezuela,2007,99.3769989013671
venezuela,2008,172.322998046875
venezuela,2009,211.17300415039
venezuela,2010,296.500999450683
venezuela,2011,297.570999145507
venezuela,2012,297.735000610351
venezuela,2013,298.349990844726
venezuela,2014,298.349990844726
vietnam,1980,0.0
vietnam,1981,0.0
vietnam,1982,0.0
vietnam,1983,0.0
vietnam,1984,0.0
vietnam,1985,0.0
vietnam,1986,0.0
vietnam,1987,0.02190000005066
vietnam,1988,0.0511000007391
vietnam,1989,0.10949999839067
vietnam,1990,0.20074999332428
vietnam,1991,0.23999999463558
vietnam,1992,0.34999999403954
vietnam,1993,0.59619998931885
vietnam,1994,0.63870000839233
vietnam,1995,0.76434999704361
vietnam,1996,0.88999998569489
vietnam,1997,1.24639999866486
vietnam,1998,1.89999997615814
vietnam,1999,1.79999995231628
vietnam,2000,1.95000004768372
vietnam,2001,2.20000004768372
vietnam,2002,2.81200003623962
vietnam,2003,2.96000003814697
vietnam,2004,3.08400011062622
vietnam,2005,3.11920738220215
vietnam,2006,3.25
vietnam,2007,3.41000008583069
vietnam,2008,4.73000001907349
vietnam,2009,4.5
vietnam,2010,4.40000009536743
vietnam,2011,4.40000009536743
vietnam,2012,4.40000009536743
vietnam,2013,4.40000009536743
vietnam,2014,4.40000009536743
yemen,1980,0.0
yemen,1981,0.0
yemen,1982,0.0
yemen,1983,0.0
yemen,1984,0.0
yemen,1985,0.5
yemen,1986,0.5
yemen,1987,1.04999995231628
yemen,1988,2.0
yemen,1989,2.0
yemen,1990,2.0
yemen,1991,2.00999999046326
yemen,1992,2.00999999046326
yemen,1993,1.98599994182587
yemen,1994,1.98599994182587
yemen,1995,1.98599994182587
yemen,1996,1.98599994182587
yemen,1997,1.8289999961853
yemen,1998,1.85000002384186
yemen,1999,1.85000002384186
yemen,2000,2.40000009536743
yemen,2001,2.40000009536743
yemen,2002,2.85500001907349
yemen,2003,2.84999990463257
yemen,2004,3.0
yemen,2005,2.92070007324219
yemen,2006,2.77999997138977
yemen,2007,2.67000007629395
yemen,2008,2.67000007629395
yemen,2009,3.0
yemen,2010,3.0
yemen,2011,3.0
yemen,2012,3.0
yemen,2013,3.0
yemen,2014,3.0
