geo,year,oil_electricity_generation_twh
argentina,1985,5.706
argentina,1986,7.894
argentina,1987,10.078
argentina,1988,8.635
argentina,1989,7.204
argentina,1990,4.944
argentina,1991,7.619
argentina,1992,7.661
argentina,1993,6.693
argentina,1994,4.557
argentina,1995,4.585
argentina,1996,4.624
argentina,1997,2.042
argentina,1998,3.81
argentina,1999,3.831
argentina,2000,2.883
argentina,2001,1.004
argentina,2002,0.759
argentina,2003,1.011
argentina,2004,4.039
argentina,2005,5.746
argentina,2006,8.036
argentina,2007,10.97
argentina,2008,14.37
argentina,2009,14.276
argentina,2010,16.663
argentina,2011,18.992
argentina,2012,19.212
argentina,2013,20.827
argentina,2014,19.075
argentina,2015,21.956
argentina,2016,20.72262466
argentina,2017,11.699
argentina,2018,6.675
argentina,2019,2.756028
australia,1985,4.667
australia,1986,3.771
australia,1987,2.799
australia,1988,2.444
australia,1989,3.024
australia,1990,3.474
australia,1991,2.879
australia,1992,2.3915
australia,1993,2.3705
australia,1994,2.529
australia,1995,2.7715
australia,1996,2.49
australia,1997,1.998
australia,1998,1.775
australia,1999,1.7565
australia,2000,1.914
australia,2001,2.245
australia,2002,2.0535
australia,2003,1.52485
australia,2004,2.11485
australia,2005,2.9495
australia,2006,2.9755
australia,2007,3.4755
australia,2008,3.723
australia,2009,3.2474
australia,2010,3.1003
australia,2011,2.89815
australia,2012,3.5834
australia,2013,4.73835
australia,2014,5.920425
australia,2015,6.16312792
australia,2016,5.55384334
australia,2017,5.22596162
australia,2018,5.42224146
australia,2019,5.78279879
brazil,1985,3.914162
brazil,1986,10.18773646
brazil,1987,7.78279303
brazil,1988,7.19240467
brazil,1989,6.15214561
brazil,1990,5.06989968
brazil,1991,5.24592514
brazil,1992,6.33311363
brazil,1993,6.21560347
brazil,1994,6.44245005
brazil,1995,7.5814815
brazil,1996,9.32814456
brazil,1997,9.96905296
brazil,1998,11.20959613
brazil,1999,16.636875
brazil,2000,15.24524
brazil,2001,15.90381267
brazil,2002,13.52009285
brazil,2003,10.835175
brazil,2004,12.33908335
brazil,2005,11.73751792
brazil,2006,12.39689823
brazil,2007,13.29788016
brazil,2008,17.46072313
brazil,2009,14.41922589
brazil,2010,15.71815077
brazil,2011,14.18479035
brazil,2012,18.78620343
brazil,2013,25.52450987
brazil,2014,34.0557659
brazil,2015,28.29293617
brazil,2016,14.60078315
brazil,2017,15.2041867
brazil,2018,12.15093215
brazil,2019,7.88364672
canada,1985,6.777
canada,1986,6.166
canada,1987,10.061
canada,1988,11.842
canada,1989,18.174
canada,1990,16.468
canada,1991,14.135
canada,1992,15.594
canada,1993,12.008
canada,1994,10.068
canada,1995,6.30344086
canada,1996,7.42236559
canada,1997,12.02473118
canada,1998,16.85806452
canada,1999,14.81956989
canada,2000,13.35419355
canada,2001,15.90537634
canada,2002,15.33129032
canada,2003,19.13946237
canada,2004,19.02311828
canada,2005,16.51677419
canada,2006,10.39688172
canada,2007,12.12924731
canada,2008,9.77849462
canada,2009,9.77096774
canada,2010,6.89677419
canada,2011,6.0311828
canada,2012,6.20860215
canada,2013,6.47526882
canada,2014,4.64408602
canada,2015,5.04623656
canada,2016,4.77849462
canada,2017,3.91612903
canada,2018,3.8311828
canada,2019,4.13656407
china,1985,56.685
china,1986,53.678
china,1987,54.644
china,1988,60.336
china,1989,57.632
china,1990,50.366
china,1991,51.923
china,1992,53.21
china,1993,65.454
china,1994,48.199
china,1995,55.094
china,1996,50.351
china,1997,47.115
china,1998,53.392
china,1999,50.261
china,2000,47.268
china,2001,48.517
china,2002,50.704
china,2003,54.825
china,2004,65.534
china,2005,50.513
china,2006,37.917
china,2007,28.094
china,2008,18.809
china,2009,12.124
china,2010,14.856
china,2011,12.13
china,2012,10.937
china,2013,10.013
china,2014,9.517
china,2015,9.679
china,2016,10.367
china,2017,9.868982
china,2018,5.48276778
china,2019,6.01615921
egypt,1985,11.869
egypt,1986,13.2
egypt,1987,14.969
egypt,1988,16.728
egypt,1989,17.4125
egypt,1990,15.5535
egypt,1991,12.9535
egypt,1992,12.2425
egypt,1993,10.472
egypt,1994,8.5305
egypt,1995,9.01
egypt,1996,10.5725
egypt,1997,12.3335
egypt,1998,16.063
egypt,1999,15.0515
egypt,2000,16.87194287
egypt,2001,17.64775978
egypt,2002,14.57729762
egypt,2003,14.93581084
egypt,2004,13.45585723
egypt,2005,13.97433409
egypt,2006,15.33011665
egypt,2007,15.77424094
egypt,2008,17.88336064
egypt,2009,20.66941167
egypt,2010,20.95306676
egypt,2011,18.18824651
egypt,2012,21.35125965
egypt,2013,27.03453346
egypt,2014,31.86434197
egypt,2015,36.41591466
egypt,2016,34.17626048
egypt,2017,28.074659
egypt,2018,28.79127443
egypt,2019,28.19131733
germany,1985,9.595
germany,1986,13.643
germany,1987,13.811
germany,1988,11.794
germany,1989,10.437
germany,1990,10.8
germany,1991,14.8
germany,1992,13.2
germany,1993,10.1
germany,1994,10.1
germany,1995,9.1
germany,1996,8.162
germany,1997,7.4
germany,1998,6.7
germany,1999,6.3
germany,2000,5.866
germany,2001,6.101
germany,2002,8.713
germany,2003,10.333
germany,2004,10.7722
germany,2005,12.002
germany,2006,10.949
germany,2007,10.003
germany,2008,9.676
germany,2009,10.066
germany,2010,8.74
germany,2011,7.156
germany,2012,7.626
germany,2013,7.198
germany,2014,5.658
germany,2015,6.208011
germany,2016,5.846
germany,2017,5.5694
germany,2018,5.187
germany,2019,5.08019304
india,1985,11.868
india,1986,11.504
india,1987,12.351
india,1988,12.333
india,1989,12.805
india,1990,13.312
india,1991,13.444
india,1992,14.811
india,1993,14.208
india,1994,15.747
india,1995,16.826
india,1996,19.848
india,1997,20.889
india,1998,21.038
india,1999,24.802
india,2000,29.163
india,2001,26.791
india,2002,27.929
india,2003,31.086
india,2004,28.269
india,2005,25.366
india,2006,19.07686914
india,2007,13.36339
india,2008,15.266355
india,2009,13.08314
india,2010,10.7799825
india,2011,9.3527675
india,2012,10.07066
india,2013,10.65009381
india,2014,11.34583242
india,2015,9.12157557
india,2016,9.30466667
india,2017,10.07279411
india,2018,8.47151965
india,2019,8.18518692
indonesia,1985,6.57580879
indonesia,1986,6.74877413
indonesia,1987,7.80111842
indonesia,1988,9.5589698
indonesia,1989,10.7355028
indonesia,1990,12.32408
indonesia,1991,14.24383
indonesia,1992,14.94006
indonesia,1993,14.72373
indonesia,1994,11.20074
indonesia,1995,8.57921
indonesia,1996,9.17187
indonesia,1997,12.00631
indonesia,1998,9.53041
indonesia,1999,9.81549
indonesia,2000,12.504
indonesia,2001,13.165
indonesia,2002,16.314
indonesia,2003,17.368
indonesia,2004,18.56
indonesia,2005,17.297
indonesia,2006,17.748
indonesia,2007,18.2613
indonesia,2008,20.82529
indonesia,2009,19.8561
indonesia,2010,19.08035
indonesia,2011,22.90616
indonesia,2012,21.63833
indonesia,2013,20.74375
indonesia,2014,23.08994
indonesia,2015,32.14371
indonesia,2016,23.24988
indonesia,2017,18.9304
indonesia,2018,18.10269
indonesia,2019,17.31117067
iran,1985,19.19136265
iran,1986,19.27768349
iran,1987,23.63266437
iran,1988,18.61997633
iran,1989,18.27442691
iran,1990,19.88696879
iran,1991,22.11104339
iran,1992,20.73169688
iran,1993,23.77334584
iran,1994,26.76460502
iran,1995,29.33936116
iran,1996,31.73965061
iran,1997,32.05363346
iran,1998,23.02991305
iran,1999,27.34244002
iran,2000,33.4872573
iran,2001,33.47415444
iran,2002,31.62621407
iran,2003,31.70626089
iran,2004,35.68856993
iran,2005,37.40267015
iran,2006,49.11074014
iran,2007,45.70159543
iran,2008,67.39665547
iran,2009,65.06631854
iran,2010,49.48420921
iran,2011,83.59950407
iran,2012,81.19172285
iran,2013,103.36656692
iran,2014,63.55803708
iran,2015,56.27918224
iran,2016,39.70397996
iran,2017,28.87276637
iran,2018,86.03880102
iran,2019,82.59513569
italy,1985,76.174
italy,1986,77.483
italy,1987,89.941
italy,1988,89.702
italy,1989,101.785
italy,1990,102.719
italy,1991,104.287
italy,1992,116.02
italy,1993,113.919
italy,1994,116.312
italy,1995,120.8
italy,1996,117.088
italy,1997,113.312
italy,1998,107.305
italy,1999,91.379
italy,2000,85.878
italy,2001,75.008
italy,2002,87.764
italy,2003,75.987
italy,2004,58.891
italy,2005,47.124
italy,2006,45.875
italy,2007,35.409
italy,2008,31.459
italy,2009,26.02
italy,2010,21.714
italy,2011,19.885
italy,2012,18.89
italy,2013,15.482
italy,2014,14.163
italy,2015,13.384
italy,2016,12.131
italy,2017,11.526694
italy,2018,11.02913
italy,2019,10.24491047
japan,1985,183.86023293
japan,1986,180.84310913
japan,1987,191.79302354
japan,1988,213.04885931
japan,1989,231.79631054
japan,1990,287.53785595
japan,1991,275.44655743
japan,1992,282.14148655
japan,1993,238.79598884
japan,1994,281.11687389
japan,1995,248.67469944
japan,1996,237.25818506
japan,1997,208.94280681
japan,1998,192.40435132
japan,1999,193.23811655
japan,2000,179.43207489
japan,2001,150.98973955
japan,2002,170.17085794
japan,2003,182.61670842
japan,2004,167.17377841
japan,2005,182.59453933
japan,2006,152.30667379
japan,2007,182.67290919
japan,2008,170.04617862
japan,2009,104.45609978
japan,2010,101.16727869
japan,2011,160.87688838
japan,2012,205.59445108
japan,2013,164.96002042
japan,2014,121.47859015
japan,2015,103.55988996
japan,2016,92.18604086
japan,2017,69.50443871
japan,2018,66.20359462
japan,2019,44.7304957
kazakhstan,1985,8.29883415
kazakhstan,1986,8.76364964
kazakhstan,1987,9.03053793
kazakhstan,1988,8.88513268
kazakhstan,1989,8.97655699
kazakhstan,1990,8.731
kazakhstan,1991,7.49898217
kazakhstan,1992,7.30034989
kazakhstan,1993,6.73497648
kazakhstan,1994,4.76835475
kazakhstan,1995,4.86027505
kazakhstan,1996,4.24591917
kazakhstan,1997,3.76679362
kazakhstan,1998,3.63446623
kazakhstan,1999,3.01235548
kazakhstan,2000,2.68694953
kazakhstan,2001,2.33139424
kazakhstan,2002,3.07031734
kazakhstan,2003,2.59403861
kazakhstan,2004,1.18095395
kazakhstan,2005,2.634191
kazakhstan,2006,6.5741719
kazakhstan,2007,7.15335561
kazakhstan,2008,3.0808861
kazakhstan,2009,0.88423416
kazakhstan,2010,0.62000392
kazakhstan,2011,0.54299334
kazakhstan,2012,0.7159898
kazakhstan,2013,0.53501479
kazakhstan,2014,0.91370778
kazakhstan,2015,1.04970906
kazakhstan,2016,1.67684789
kazakhstan,2017,0.78198477
kazakhstan,2018,0.82370038
kazakhstan,2019,0.82832789
malaysia,1985,9.017
malaysia,1986,9.187
malaysia,1987,9.172
malaysia,1988,9.39
malaysia,1989,10.012
malaysia,1990,10.555
malaysia,1991,10.945
malaysia,1992,10.586
malaysia,1993,10.685
malaysia,1994,9.744
malaysia,1995,10.936
malaysia,1996,11.094
malaysia,1997,11.726
malaysia,1998,11.31
malaysia,1999,4.967
malaysia,2000,2.935
malaysia,2001,3.362
malaysia,2002,5.211
malaysia,2003,3.4153
malaysia,2004,2.78574
malaysia,2005,2.66625
malaysia,2006,2.287868
malaysia,2007,2.713475
malaysia,2008,2.504106
malaysia,2009,2.670622
malaysia,2010,2.5384135
malaysia,2011,9.403106
malaysia,2012,6.6234038
malaysia,2013,3.03126
malaysia,2014,3.49
malaysia,2015,1.739
malaysia,2016,1.184
malaysia,2017,1.695
malaysia,2018,1.25283094
malaysia,2019,2.58781472
mexico,1985,55.06230702
mexico,1986,60.88913174
mexico,1987,66.19074772
mexico,1988,69.39771979
mexico,1989,71.9721713
mexico,1990,64.03832053
mexico,1991,67.69311301
mexico,1992,66.84700069
mexico,1993,65.92453189
mexico,1994,79.72029009
mexico,1995,70.00650792
mexico,1996,71.47585419
mexico,1997,82.51142891
mexico,1998,92.33252289
mexico,1999,89.6631417
mexico,2000,96.579594
mexico,2001,92.74216508
mexico,2002,79.3153297
mexico,2003,70.80378806
mexico,2004,73.9331647
mexico,2005,72.68556835
mexico,2006,53.83852342
mexico,2007,51.541457
mexico,2008,52.876
mexico,2009,48.777
mexico,2010,43.76321233
mexico,2011,48.83265
mexico,2012,55.7332008
mexico,2013,47.68046999
mexico,2014,32.48865622
mexico,2015,31.22581853
mexico,2016,33.52271
mexico,2017,38.86508
mexico,2018,35.70006
mexico,2019,37.68454997
netherlands,1985,3.258
netherlands,1986,3.456
netherlands,1987,3.659
netherlands,1988,3.796
netherlands,1989,3.307
netherlands,1990,3.064
netherlands,1991,3.304
netherlands,1992,3.155
netherlands,1993,3.026
netherlands,1994,3.331
netherlands,1995,2.814
netherlands,1996,2.824
netherlands,1997,2.823
netherlands,1998,3.013
netherlands,1999,2.781
netherlands,2000,2.641
netherlands,2001,2.646
netherlands,2002,2.363
netherlands,2003,2.493
netherlands,2004,2.431
netherlands,2005,2.262
netherlands,2006,2.095
netherlands,2007,2.219
netherlands,2008,2.065
netherlands,2009,1.487
netherlands,2010,1.253
netherlands,2011,1.406
netherlands,2012,1.059
netherlands,2013,1.203
netherlands,2014,1.906
netherlands,2015,1.431
netherlands,2016,1.279
netherlands,2017,1.184538
netherlands,2018,1.303466
netherlands,2019,1.36262173
other_africa,1985,22.38458007
other_africa,1986,23.94214795
other_africa,1987,23.672589
other_africa,1988,25.83388463
other_africa,1989,25.92538191
other_africa,1990,27.57239201
other_africa,1991,29.24912062
other_africa,1992,30.50009227
other_africa,1993,31.43301576
other_africa,1994,31.39902025
other_africa,1995,27.13985687
other_africa,1996,26.75106362
other_africa,1997,26.176325
other_africa,1998,26.8141457
other_africa,1999,29.63510017
other_africa,2000,29.39139008
other_africa,2001,29.49084425
other_africa,2002,31.83246863
other_africa,2003,32.93527682
other_africa,2004,35.27962666
other_africa,2005,36.80068319
other_africa,2006,39.36712464
other_africa,2007,41.26347215
other_africa,2008,44.74164718
other_africa,2009,46.99430173
other_africa,2010,44.22119349
other_africa,2011,38.94195901
other_africa,2012,45.69246358
other_africa,2013,48.97400462
other_africa,2014,49.10579538
other_africa,2015,52.46477027
other_africa,2016,52.95649174
other_africa,2017,51.81495049
other_africa,2018,49.32448832
other_africa,2019,51.88092254
other_asia_pacific,1985,32.3284427
other_asia_pacific,1986,32.88543817
other_asia_pacific,1987,36.27981773
other_asia_pacific,1988,38.08161812
other_asia_pacific,1989,40.46249968
other_asia_pacific,1990,45.60822406
other_asia_pacific,1991,49.04848516
other_asia_pacific,1992,53.03221782
other_asia_pacific,1993,52.49099979
other_asia_pacific,1994,57.05952901
other_asia_pacific,1995,63.79293289
other_asia_pacific,1996,68.95362786
other_asia_pacific,1997,75.36668053
other_asia_pacific,1998,72.692363
other_asia_pacific,1999,71.10145653
other_asia_pacific,2000,71.32797521
other_asia_pacific,2001,71.08321909
other_asia_pacific,2002,63.23304268
other_asia_pacific,2003,48.55694373
other_asia_pacific,2004,49.47563239
other_asia_pacific,2005,50.75769734
other_asia_pacific,2006,57.97506489
other_asia_pacific,2007,63.08725781
other_asia_pacific,2008,63.6352118
other_asia_pacific,2009,68.56038619
other_asia_pacific,2010,69.50169676
other_asia_pacific,2011,67.95890357
other_asia_pacific,2012,81.5357811
other_asia_pacific,2013,53.26808555
other_asia_pacific,2014,68.65019033
other_asia_pacific,2015,61.77204626
other_asia_pacific,2016,71.81615664
other_asia_pacific,2017,60.58292893
other_asia_pacific,2018,49.87442799
other_asia_pacific,2019,39.14575905
other_cis,1985,30.91098985
other_cis,1986,35.8479013
other_cis,1987,36.80229141
other_cis,1988,36.09423752
other_cis,1989,36.69209092
other_cis,1990,36.463
other_cis,1991,37.6382
other_cis,1992,30.5073
other_cis,1993,23.218
other_cis,1994,23.482
other_cis,1995,25.072
other_cis,1996,22.208
other_cis,1997,20.998
other_cis,1998,21.067
other_cis,1999,21.168
other_cis,2000,19.881
other_cis,2001,12.617
other_cis,2002,11.792
other_cis,2003,12.99904072
other_cis,2004,11.4335235
other_cis,2005,9.10937714
other_cis,2006,10.43600606
other_cis,2007,6.26873006
other_cis,2008,3.67349556
other_cis,2009,7.18676625
other_cis,2010,1.92044333
other_cis,2011,1.66088497
other_cis,2012,2.06843831
other_cis,2013,0.69087433
other_cis,2014,0.87587433
other_cis,2015,2.38277433
other_cis,2016,3.69679348
other_cis,2017,2.03872599
other_cis,2018,0.86953
other_cis,2019,0.86299473
other_europe,1985,70.67360088
other_europe,1986,75.74840211
other_europe,1987,68.23362016
other_europe,1988,55.71604941
other_europe,1989,71.04596288
other_europe,1990,67.70698148
other_europe,1991,73.859812
other_europe,1992,64.3738559
other_europe,1993,59.07284352
other_europe,1994,59.44471573
other_europe,1995,66.04994472
other_europe,1996,66.77031342
other_europe,1997,66.97287659
other_europe,1998,77.3194576
other_europe,1999,72.68293899
other_europe,2000,57.06852497
other_europe,2001,61.11191255
other_europe,2002,57.79831008
other_europe,2003,53.02213848
other_europe,2004,47.62662161
other_europe,2005,51.10748837
other_europe,2006,46.71141275
other_europe,2007,43.19182112
other_europe,2008,39.83497504
other_europe,2009,35.6472578
other_europe,2010,33.02809792
other_europe,2011,26.82286257
other_europe,2012,25.74326954
other_europe,2013,21.80832365
other_europe,2014,20.90346871
other_europe,2015,20.66764868
other_europe,2016,21.51628101
other_europe,2017,21.6800365
other_europe,2018,19.53785094
other_europe,2019,19.01039572
other_middle_east,1985,48.57275506
other_middle_east,1986,51.40429428
other_middle_east,1987,52.6202122
other_middle_east,1988,54.48223828
other_middle_east,1989,53.24877923
other_middle_east,1990,53.8686558
other_middle_east,1991,41.8100108
other_middle_east,1992,49.4191118
other_middle_east,1993,51.337453
other_middle_east,1994,56.4859668
other_middle_east,1995,58.430124
other_middle_east,1996,58.100266
other_middle_east,1997,63.3766298
other_middle_east,1998,75.2191428
other_middle_east,1999,82.4770698
other_middle_east,2000,86.7578284
other_middle_east,2001,91.517525
other_middle_east,2002,101.7071232
other_middle_east,2003,96.84154139
other_middle_east,2004,97.0111782
other_middle_east,2005,92.62262889
other_middle_east,2006,90.00454039
other_middle_east,2007,98.27954408
other_middle_east,2008,100.37565384
other_middle_east,2009,103.72561654
other_middle_east,2010,105.94229125
other_middle_east,2011,111.94077839
other_middle_east,2012,129.60968984
other_middle_east,2013,126.11760455
other_middle_east,2014,141.24163923
other_middle_east,2015,137.89454275
other_middle_east,2016,135.29635096
other_middle_east,2017,145.45725233
other_middle_east,2018,147.47095045
other_middle_east,2019,163.92109897
other_s_cent_america,1985,49.16190507
other_s_cent_america,1986,49.71637602
other_s_cent_america,1987,51.29557948
other_s_cent_america,1988,52.90822014
other_s_cent_america,1989,56.94211754
other_s_cent_america,1990,56.90299283
other_s_cent_america,1991,53.28822947
other_s_cent_america,1992,60.26016382
other_s_cent_america,1993,58.7585174
other_s_cent_america,1994,62.11484739
other_s_cent_america,1995,67.43757204
other_s_cent_america,1996,69.22705124
other_s_cent_america,1997,76.00205175
other_s_cent_america,1998,83.79888168
other_s_cent_america,1999,85.41229652
other_s_cent_america,2000,84.54469788
other_s_cent_america,2001,90.74610348
other_s_cent_america,2002,92.80910855
other_s_cent_america,2003,94.22321932
other_s_cent_america,2004,90.78284351
other_s_cent_america,2005,96.68459274
other_s_cent_america,2006,100.73728795
other_s_cent_america,2007,110.47778875
other_s_cent_america,2008,111.65337045
other_s_cent_america,2009,116.75609636
other_s_cent_america,2010,104.43154078
other_s_cent_america,2011,111.91059927
other_s_cent_america,2012,114.33196072
other_s_cent_america,2013,111.24777914
other_s_cent_america,2014,105.91947892
other_s_cent_america,2015,106.96177689
other_s_cent_america,2016,104.52894939
other_s_cent_america,2017,93.40107041
other_s_cent_america,2018,95.11974104
other_s_cent_america,2019,75.6336912
poland,1985,1.68
poland,1986,1.622
poland,1987,1.698
poland,1988,1.626
poland,1989,1.691
poland,1990,1.57
poland,1991,1.528
poland,1992,1.457
poland,1993,1.572
poland,1994,1.686
poland,1995,1.523
poland,1996,1.772
poland,1997,1.901
poland,1998,1.902
poland,1999,1.891
poland,2000,1.916
poland,2001,2.398
poland,2002,2.376
poland,2003,2.456
poland,2004,2.914
poland,2005,2.757
poland,2006,2.908
poland,2007,2.794
poland,2008,2.726
poland,2009,2.723
poland,2010,2.892
poland,2011,2.453
poland,2012,2.045
poland,2013,1.782
poland,2014,1.594
poland,2015,2.118
poland,2016,2.302
poland,2017,2.021
poland,2018,1.8
poland,2019,1.212
russian_federation,1985,113.3370541
russian_federation,1986,117.99506829
russian_federation,1987,122.54533846
russian_federation,1988,124.10807582
russian_federation,1989,125.82886752
russian_federation,1990,128.4937933
russian_federation,1991,123.97343269
russian_federation,1992,100.05208158
russian_federation,1993,82.88559581
russian_federation,1994,73.27043956
russian_federation,1995,67.79186578
russian_federation,1996,56.50787869
russian_federation,1997,51.79229111
russian_federation,1998,52.94331031
russian_federation,1999,40.90207266
russian_federation,2000,33.091
russian_federation,2001,30.01998962
russian_federation,2002,27.4150374
russian_federation,2003,27.11913071
russian_federation,2004,23.91891926
russian_federation,2005,21.25445263
russian_federation,2006,24.2368722
russian_federation,2007,17.31984792
russian_federation,2008,16.09504186
russian_federation,2009,16.04816882
russian_federation,2010,9.3120853
russian_federation,2011,27.47237523
russian_federation,2012,28.10120528
russian_federation,2013,8.70577723
russian_federation,2014,10.7302169
russian_federation,2015,10.10210732
russian_federation,2016,10.96844901
russian_federation,2017,6.94606204
russian_federation,2018,6.83664715
russian_federation,2019,6.9359178
saudi_arabia,1985,21.90145565
saudi_arabia,1986,24.84458347
saudi_arabia,1987,31.92988382
saudi_arabia,1988,35.51444767
saudi_arabia,1989,36.89579593
saudi_arabia,1990,39.15190352
saudi_arabia,1991,42.24003604
saudi_arabia,1992,49.57638088
saudi_arabia,1993,54.79301561
saudi_arabia,1994,55.5679353
saudi_arabia,1995,60.11966246
saudi_arabia,1996,62.64847827
saudi_arabia,1997,66.19376107
saudi_arabia,1998,72.56708123
saudi_arabia,1999,76.09774287
saudi_arabia,2000,74.84496721
saudi_arabia,2001,69.43834737
saudi_arabia,2002,68.39923914
saudi_arabia,2003,75.22464018
saudi_arabia,2004,74.66568824
saudi_arabia,2005,83.12307299
saudi_arabia,2006,91.76326972
saudi_arabia,2007,101.72492566
saudi_arabia,2008,103.49155208
saudi_arabia,2009,123.2180863
saudi_arabia,2010,139.16346402
saudi_arabia,2011,139.12152372
saudi_arabia,2012,145.82866849
saudi_arabia,2013,145.94693477
saudi_arabia,2014,168.77721218
saudi_arabia,2015,183.65717419
saudi_arabia,2016,178.46748477
saudi_arabia,2017,166.54281828
saudi_arabia,2018,158.82110885
saudi_arabia,2019,149.5956492
south_africa,1985,0.042
south_africa,1986,0.042
south_africa,1987,0.042
south_africa,1988,0.051
south_africa,1989,0
south_africa,1990,0
south_africa,1991,0
south_africa,1992,0
south_africa,1993,0
south_africa,1994,0
south_africa,1995,0
south_africa,1996,0
south_africa,1997,0
south_africa,1998,0
south_africa,1999,0
south_africa,2000,0
south_africa,2001,0
south_africa,2002,0
south_africa,2003,0
south_africa,2004,0
south_africa,2005,0
south_africa,2006,0
south_africa,2007,1.153
south_africa,2008,0.143
south_africa,2009,0.049
south_africa,2010,0.197
south_africa,2011,0.709
south_africa,2012,1.904
south_africa,2013,3.621
south_africa,2014,3.709
south_africa,2015,3.936
south_africa,2016,0.029
south_africa,2017,0.118
south_africa,2018,1.202
south_africa,2019,1.202
south_korea,1985,17.444465
south_korea,1986,12.301918
south_korea,1987,2.406493
south_korea,1988,8.81753
south_korea,1989,11.171259
south_korea,1990,13.307033
south_korea,1991,20.21286
south_korea,1992,23.145999
south_korea,1993,25.328151
south_korea,1994,37.600507
south_korea,1995,29.563983
south_korea,1996,29.838997
south_korea,1997,28.126123
south_korea,1998,10.517918
south_korea,1999,11.905647
south_korea,2000,32.48347047
south_korea,2001,33.91033912
south_korea,2002,28.70050956
south_korea,2003,28.00744616
south_korea,2004,25.80018463
south_korea,2005,23.54874582
south_korea,2006,21.19984819
south_korea,2007,22.50691806
south_korea,2008,13.63697601
south_korea,2009,18.09146192
south_korea,2010,16.75769214
south_korea,2011,14.94681731
south_korea,2012,19.29138454
south_korea,2013,19.3893234
south_korea,2014,13.04144752
south_korea,2015,12.3628458
south_korea,2016,16.77005189
south_korea,2017,9.6374388
south_korea,2018,10.09176898
south_korea,2019,7.43105696
spain,1985,7.747
spain,1986,6.187
spain,1987,6.436
spain,1988,6.937
spain,1989,9.138
spain,1990,8.604
spain,1991,10.156
spain,1992,14.329
spain,1993,9.544
spain,1994,10.509
spain,1995,14.623
spain,1996,13.92
spain,1997,14.103
spain,1998,17.499
spain,1999,24.445
spain,2000,22.578
spain,2001,24.632
spain,2002,28.593
spain,2003,24.002
spain,2004,26.802
spain,2005,29.414
spain,2006,24.158
spain,2007,18.832
spain,2008,18.309
spain,2009,20.0748282
spain,2010,17.13645971
spain,2011,15.171
spain,2012,15.321
spain,2013,13.85390153
spain,2014,14.121
spain,2015,17.241
spain,2016,16.76316382
spain,2017,15.766005
spain,2018,14.49897953
spain,2019,13.41637114
taiwan,1985,5.24030378
taiwan,1986,7.48759356
taiwan,1987,6.26798959
taiwan,1988,15.66016165
taiwan,1989,22.08890046
taiwan,1990,22.20229507
taiwan,1991,25.30749168
taiwan,1992,21.75078446
taiwan,1993,25.48487189
taiwan,1994,25.98023427
taiwan,1995,31.13164147
taiwan,1996,27.06385274
taiwan,1997,28.8232026
taiwan,1998,30.08933294
taiwan,1999,31.37866598
taiwan,2000,30.69972624
taiwan,2001,25.7089488
taiwan,2002,20.7389588
taiwan,2003,19.43021459
taiwan,2004,17.50053389
taiwan,2005,17.23192565
taiwan,2006,19.87764046
taiwan,2007,16.84445252
taiwan,2008,15.04563543
taiwan,2009,9.37019981
taiwan,2010,11.14086132
taiwan,2011,9.49901666
taiwan,2012,7.61168054
taiwan,2013,6.76361777
taiwan,2014,8.03466099
taiwan,2015,12.00915791
taiwan,2016,11.86049874
taiwan,2017,12.6892149
taiwan,2018,8.24681467
taiwan,2019,5.75217442
thailand,1985,3.3519122
thailand,1986,3.34512
thailand,1987,2.19079
thailand,1988,3.1455
thailand,1989,4.75528
thailand,1990,10.36948
thailand,1991,12.748964
thailand,1992,15.09026
thailand,1993,18.238485
thailand,1994,21.032357
thailand,1995,23.97307
thailand,1996,25.556094
thailand,1997,21.706792
thailand,1998,18.523073
thailand,1999,15.886583
thailand,2000,9.719366
thailand,2001,2.668024
thailand,2002,2.120368
thailand,2003,2.509575
thailand,2004,5.700621
thailand,2005,7.81685
thailand,2006,7.885362
thailand,2007,2.994809
thailand,2008,1.013365
thailand,2009,0.493302
thailand,2010,0.599895
thailand,2011,1.33087
thailand,2012,1.362718
thailand,2013,1.417583
thailand,2014,1.66902544
thailand,2015,0.92261403
thailand,2016,0.49149705
thailand,2017,0.33029947
thailand,2018,0.17719857
thailand,2019,1.12480183
total_africa,1985,34.29558007
total_africa,1986,37.18414795
total_africa,1987,38.683589
total_africa,1988,42.61288463
total_africa,1989,43.33788191
total_africa,1990,43.12589201
total_africa,1991,42.20262062
total_africa,1992,42.74259227
total_africa,1993,41.90501576
total_africa,1994,39.92952025
total_africa,1995,36.14985687
total_africa,1996,37.32356362
total_africa,1997,38.509825
total_africa,1998,42.8771457
total_africa,1999,44.68660017
total_africa,2000,46.26333295
total_africa,2001,47.13860403
total_africa,2002,46.40976625
total_africa,2003,47.87108766
total_africa,2004,48.73548389
total_africa,2005,50.77501728
total_africa,2006,54.69724129
total_africa,2007,58.19071309
total_africa,2008,62.76800782
total_africa,2009,67.71271341
total_africa,2010,65.37126025
total_africa,2011,57.83920552
total_africa,2012,68.94772323
total_africa,2013,79.62953808
total_africa,2014,84.67913735
total_africa,2015,92.81668494
total_africa,2016,87.16175222
total_africa,2017,80.00760949
total_africa,2018,79.31776275
total_africa,2019,81.27423987
total_asia_pacific,1985,332.2541654
total_asia_pacific,1986,323.14895298
total_asia_pacific,1987,327.24123228
total_asia_pacific,1988,374.30563887
total_asia_pacific,1989,405.66475248
total_asia_pacific,1990,470.36096809
total_asia_pacific,1991,477.69118826
total_asia_pacific,1992,492.71930783
total_asia_pacific,1993,469.82572652
total_asia_pacific,1994,512.17924117
total_asia_pacific,1995,492.63803679
total_asia_pacific,1996,483.08862667
total_asia_pacific,1997,458.87691495
total_asia_pacific,1998,424.94844826
total_asia_pacific,1999,418.38645907
total_asia_pacific,2000,421.96561282
total_asia_pacific,2001,383.19727056
total_asia_pacific,2002,391.56123698
total_asia_pacific,2003,391.99803791
total_asia_pacific,2004,384.59934032
total_asia_pacific,2005,382.90850814
total_asia_pacific,2006,340.65382646
total_asia_pacific,2007,356.67001157
total_asia_pacific,2008,326.07411786
total_asia_pacific,2009,253.7377117
total_asia_pacific,2010,252.05446991
total_asia_pacific,2011,312.03154239
total_asia_pacific,2012,368.35380906
total_asia_pacific,2013,295.70394692
total_asia_pacific,2014,266.9368203
total_asia_pacific,2015,250.17267591
total_asia_pacific,2016,243.48334365
total_asia_pacific,2017,198.99346277
total_asia_pacific,2018,173.53815467
total_asia_pacific,2019,139.48341828
total_cis,1985,152.5468781
total_cis,1986,162.60661922
total_cis,1987,168.37816781
total_cis,1988,169.08744602
total_cis,1989,171.49751543
total_cis,1990,173.6877933
total_cis,1991,169.11061485
total_cis,1992,137.85973147
total_cis,1993,112.83857229
total_cis,1994,101.52079431
total_cis,1995,97.72414084
total_cis,1996,82.96179786
total_cis,1997,76.55708473
total_cis,1998,77.64477654
total_cis,1999,65.08242814
total_cis,2000,55.65894953
total_cis,2001,44.96838386
total_cis,2002,42.27735474
total_cis,2003,42.71221004
total_cis,2004,36.53339671
total_cis,2005,32.99802076
total_cis,2006,41.24705016
total_cis,2007,30.74193358
total_cis,2008,22.84942351
total_cis,2009,24.11916923
total_cis,2010,11.85253256
total_cis,2011,29.67625354
total_cis,2012,30.88563339
total_cis,2013,9.93166635
total_cis,2014,12.51979902
total_cis,2015,13.53459071
total_cis,2016,16.34209038
total_cis,2017,9.7667728
total_cis,2018,8.52987753
total_cis,2019,8.62724042
total_europe,1985,271.63222338
total_europe,1986,266.06300942
total_europe,1987,265.71601308
total_europe,1988,249.58189641
total_europe,1989,280.62710699
total_europe,1990,281.09268148
total_europe,1991,277.872012
total_europe,1992,270.2348559
total_europe,1993,240.48734352
total_europe,1994,232.16751573
total_europe,1995,248.36994472
total_europe,1996,239.20791342
total_europe,1997,226.66517659
total_europe,1998,232.09229809
total_europe,1999,215.5342287
total_europe,2000,192.96930939
total_europe,2001,188.57727888
total_europe,2002,203.96010504
total_europe,2003,182.73345061
total_europe,2004,162.32090116
total_europe,2005,156.07314569
total_europe,2006,143.90481927
total_europe,2007,124.66291799
total_europe,2008,119.27924607
total_europe,2009,108.51016476
total_europe,2010,92.57099413
total_europe,2011,77.47140956
total_europe,2012,75.74920377
total_europe,2013,65.5223045
total_europe,2014,62.62680969
total_europe,2015,66.05670585
total_europe,2016,65.26859382
total_europe,2017,61.88201771
total_europe,2018,56.0763953
total_europe,2019,51.78583727
total_middle_east,1985,89.66657044
total_middle_east,1986,95.52763003
total_middle_east,1987,108.18389639
total_middle_east,1988,108.61789911
total_middle_east,1989,108.42029716
total_middle_east,1990,112.90894644
total_middle_east,1991,106.16253095
total_middle_east,1992,119.72874008
total_middle_east,1993,129.9056204
total_middle_east,1994,138.82047888
total_middle_east,1995,147.89088636
total_middle_east,1996,152.49040024
total_middle_east,1997,161.62665483
total_middle_east,1998,170.81886841
total_middle_east,1999,185.9200714
total_middle_east,2000,195.09281785
total_middle_east,2001,194.43273349
total_middle_east,2002,201.73547803
total_middle_east,2003,203.77548301
total_middle_east,2004,207.36817891
total_middle_east,2005,213.15127589
total_middle_east,2006,230.88159078
total_middle_east,2007,245.70924239
total_middle_east,2008,271.26715736
total_middle_east,2009,292.01324565
total_middle_east,2010,294.5932022
total_middle_east,2011,334.66491617
total_middle_east,2012,356.63343118
total_middle_east,2013,375.43423624
total_middle_east,2014,373.58095849
total_middle_east,2015,377.83425919
total_middle_east,2016,353.47121569
total_middle_east,2017,340.87614698
total_middle_east,2018,392.33407808
total_middle_east,2019,396.11510163
total_north_america,1985,169.58368659
total_north_america,1986,213.92058013
total_north_america,1987,203.66311439
total_north_america,1988,241.34677462
total_north_america,1989,266.87576269
total_north_america,1990,216.48503235
total_north_america,1991,210.59324527
total_north_america,1992,190.13364908
total_north_america,1993,199.2101448
total_north_america,1994,203.66031483
total_north_america,1995,156.47561007
total_north_america,1996,166.4371714
total_north_america,1997,194.05752891
total_north_america,1998,247.68539708
total_north_america,1999,231.42984923
total_north_america,2000,229.52622303
total_north_america,2001,242.92734895
total_north_america,2002,196.33199099
total_north_america,2003,218.33641494
total_north_america,2004,223.21978513
total_north_america,2005,220.62709201
total_north_america,2006,133.23154922
total_north_america,2007,134.35777743
total_north_america,2008,112.37773333
total_north_america,2009,100.41518817
total_north_america,2010,90.51053813
total_north_america,2011,87.31785968
total_north_america,2012,86.87679434
total_north_america,2013,83.36481837
total_north_america,2014,69.64012074
total_north_america,2015,66.64705401
total_north_america,2016,64.32787774
total_north_america,2017,65.78116387
total_north_america,2018,66.65558581
total_north_america,2019,61.78553554
total_s_cent_america,1985,58.78206707
total_s_cent_america,1986,67.79811249
total_s_cent_america,1987,69.15637251
total_s_cent_america,1988,68.73562482
total_s_cent_america,1989,70.29826315
total_s_cent_america,1990,66.91689251
total_s_cent_america,1991,66.15315461
total_s_cent_america,1992,74.25427745
total_s_cent_america,1993,71.66712087
total_s_cent_america,1994,73.11429743
total_s_cent_america,1995,79.60405354
total_s_cent_america,1996,83.1791958
total_s_cent_america,1997,88.01310471
total_s_cent_america,1998,98.81847781
total_s_cent_america,1999,105.88017152
total_s_cent_america,2000,102.67293788
total_s_cent_america,2001,107.65391615
total_s_cent_america,2002,107.0882014
total_s_cent_america,2003,106.06939432
total_s_cent_america,2004,107.16092686
total_s_cent_america,2005,114.16811067
total_s_cent_america,2006,121.17018618
total_s_cent_america,2007,134.74566891
total_s_cent_america,2008,143.48409358
total_s_cent_america,2009,145.45132226
total_s_cent_america,2010,136.81269155
total_s_cent_america,2011,145.08738962
total_s_cent_america,2012,152.33016416
total_s_cent_america,2013,157.59928901
total_s_cent_america,2014,159.05024482
total_s_cent_america,2015,157.21071306
total_s_cent_america,2016,139.8523572
total_s_cent_america,2017,120.30425712
total_s_cent_america,2018,113.94567318
total_s_cent_america,2019,86.27336592
total_world,1985,1108.76117106
total_world,1986,1166.24905222
total_world,1987,1181.02238546
total_world,1988,1254.28816449
total_world,1989,1346.72157982
total_world,1990,1364.57820617
total_world,1991,1349.78536657
total_world,1992,1327.67315408
total_world,1993,1265.83954416
total_world,1994,1301.39216261
total_world,1995,1258.85252919
total_world,1996,1244.688669
total_world,1997,1244.30628972
total_world,1998,1294.88541189
total_world,1999,1266.91980823
total_world,2000,1244.14918345
total_world,2001,1208.89553592
total_world,2002,1189.36413343
total_world,2003,1193.49607849
total_world,2004,1169.93801298
total_world,2005,1170.70117044
total_world,2006,1065.78626338
total_world,2007,1085.07826496
total_world,2008,1058.09977953
total_world,2009,991.95951517
total_world,2010,943.76568873
total_world,2011,1044.08857649
total_world,2012,1139.77675913
total_world,2013,1067.18579949
total_world,2014,1029.03389041
total_world,2015,1024.27268367
total_world,2016,969.9072307
total_world,2017,877.61143074
total_world,2018,890.39752733
total_world,2019,825.34473893
turkey,1985,7.082
turkey,1986,7.0006
turkey,1987,5.4956
turkey,1988,3.3047
turkey,1989,4.2475
turkey,1990,3.9417
turkey,1991,3.2932
turkey,1992,5.273
turkey,1993,5.1745
turkey,1994,5.5488
turkey,1995,5.772
turkey,1996,6.5396
turkey,1997,7.1573
turkey,1998,7.9233
turkey,1999,8.0795
turkey,2000,9.3108
turkey,2001,10.3662
turkey,2002,10.7438
turkey,2003,9.1962
turkey,2004,7.6703
turkey,2005,5.4825
turkey,2006,4.3404
turkey,2007,6.5268
turkey,2008,7.5185
turkey,2009,4.803526
turkey,2010,2.18
turkey,2011,0.9036
turkey,2012,1.6387
turkey,2013,1.738826
turkey,2014,2.145289
turkey,2015,2.22393972
turkey,2016,1.9263
turkey,2017,1.1999
turkey,2018,0.3291
turkey,2019,0.16896417
ukraine,1985,47.1156225
ukraine,1986,49.68800731
ukraine,1987,50.17379292
ukraine,1988,48.313147
ukraine,1989,49.53364411
ukraine,1990,48.011
ukraine,1991,38.528
ukraine,1992,22.618
ukraine,1993,16.936
ukraine,1994,10.399
ukraine,1995,10.391
ukraine,1996,4.947
ukraine,1997,2.327
ukraine,1998,2.248
ukraine,1999,1.427
ukraine,2000,1.187
ukraine,2001,1.061
ukraine,2002,0.81
ukraine,2003,0.65
ukraine,2004,0.57
ukraine,2005,0.586
ukraine,2006,0.695
ukraine,2007,0.639
ukraine,2008,0.982
ukraine,2009,1.694
ukraine,2010,0.822
ukraine,2011,0.555
ukraine,2012,0.535
ukraine,2013,0.39
ukraine,2014,0.216
ukraine,2015,0.746
ukraine,2016,1.6145
ukraine,2017,1.3135
ukraine,2018,0.70850585
ukraine,2019,0.24956517
united_arab_emirates,1985,0.00099708
united_arab_emirates,1986,0.00106878
united_arab_emirates,1987,0.001136
united_arab_emirates,1988,0.00123683
united_arab_emirates,1989,0.00129509
united_arab_emirates,1990,0.00141832
united_arab_emirates,1991,0.00144073
united_arab_emirates,1992,0.00155052
united_arab_emirates,1993,0.00180595
united_arab_emirates,1994,0.00197176
united_arab_emirates,1995,0.00173873
united_arab_emirates,1996,0.00200537
united_arab_emirates,1997,0.0026305
united_arab_emirates,1998,0.00273133
united_arab_emirates,1999,0.00281872
united_arab_emirates,2000,0.00276494
united_arab_emirates,2001,0.00270669
united_arab_emirates,2002,0.00290162
united_arab_emirates,2003,0.00304054
united_arab_emirates,2004,0.00274254
united_arab_emirates,2005,0.00290386
united_arab_emirates,2006,0.00304054
united_arab_emirates,2007,0.00317722
united_arab_emirates,2008,0.00329597
united_arab_emirates,2009,0.00322427
united_arab_emirates,2010,0.00323772
united_arab_emirates,2011,0.00311
united_arab_emirates,2012,0.00335
united_arab_emirates,2013,0.00313
united_arab_emirates,2014,0.00407
united_arab_emirates,2015,0.00336
united_arab_emirates,2016,0.0034
united_arab_emirates,2017,0.00331
united_arab_emirates,2018,0.00321777
united_arab_emirates,2019,0.00321777
united_kingdom,1985,48.307
united_kingdom,1986,31.235
united_kingdom,1987,26.268
united_kingdom,1988,28.393
united_kingdom,1989,29.442
united_kingdom,1990,34.676
united_kingdom,1991,28.116
united_kingdom,1992,29.809
united_kingdom,1993,21.143
united_kingdom,1994,14.837
united_kingdom,1995,17.297
united_kingdom,1996,17.185
united_kingdom,1997,10.669
united_kingdom,1998,8.18254048
united_kingdom,1999,6.54878971
united_kingdom,2000,6.52398442
united_kingdom,2001,5.25316633
united_kingdom,2002,4.79899496
united_kingdom,2003,4.59411212
united_kingdom,2004,4.64377954
united_kingdom,2005,5.33815731
united_kingdom,2006,6.17300652
united_kingdom,2007,5.04829687
united_kingdom,2008,6.70877103
united_kingdom,2009,5.99455276
united_kingdom,2010,4.8054365
united_kingdom,2011,3.11894699
united_kingdom,2012,2.89123423
united_kingdom,2013,2.06625332
united_kingdom,2014,1.92005197
united_kingdom,2015,2.03710645
united_kingdom,2016,1.89034898
united_kingdom,2017,1.62094421
united_kingdom,2018,1.68236299
united_kingdom,2019,1.04081583
us,1985,107.74437957
us,1986,146.86544839
us,1987,127.41136667
us,1988,160.10705484
us,1989,176.7295914
us,1990,135.97871183
us,1991,128.76513226
us,1992,107.69264839
us,1993,121.2776129
us,1994,113.87202473
us,1995,80.16566129
us,1996,87.53895161
us,1997,99.52136882
us,1998,138.49480968
us,1999,126.94713763
us,2000,119.59243548
us,2001,134.27980753
us,2002,101.68537097
us,2003,128.39316452
us,2004,130.26350215
us,2005,131.42474946
us,2006,68.99614409
us,2007,70.68707312
us,2008,49.72323871
us,2009,41.86722043
us,2010,39.85055161
us,2011,32.45402688
us,2012,24.9349914
us,2013,29.20907957
us,2014,32.50737849
us,2015,30.37499892
us,2016,26.02667312
us,2017,22.99995484
us,2018,27.12434301
us,2019,19.96442151
vietnam,1985,1.216
vietnam,1986,1.397
vietnam,1987,1.536
vietnam,1988,1.49
vietnam,1989,1.182
vietnam,1990,1.305
vietnam,1991,1.492
vietnam,1992,1.62
vietnam,1993,2.046
vietnam,1994,1.97
vietnam,1995,1.295
vietnam,1996,1.463
vietnam,1997,2.177
vietnam,1998,3.676
vietnam,1999,3.274
vietnam,2000,4.519
vietnam,2001,4.757
vietnam,2002,4.386
vietnam,2003,2.658
vietnam,2004,1.685
vietnam,2005,2.167
vietnam,2006,1.404
vietnam,2007,2.656
vietnam,2008,1.569
vietnam,2009,1.785
vietnam,2010,2.532
vietnam,2011,0.72886297
vietnam,2012,0.105
vietnam,2013,0.72886297
vietnam,2014,0.69970845
vietnam,2015,0.69970845
vietnam,2016,0.69970845
vietnam,2017,0.45600423
vietnam,2018,0.2123
vietnam,2019,1.416
